delivery_id,pred_service_min,pred_late_prob
ORD0092308,7.6,4e-06
ORD0092309,7.1,0.000106
ORD0092310,11.4,1.6e-05
ORD0092311,10.2,0.004605
ORD0092312,12.3,0.007616
ORD0092313,14.0,0.058277
ORD0092314,14.8,3.9e-05
ORD0092315,27.4,0.722666
ORD0092316,20.1,0.000791
ORD0092317,9.6,1e-05
ORD0092318,6.8,5e-06
ORD0092319,7.2,0.000573
ORD0092320,17.5,2.1e-05
ORD0092321,14.4,3e-06
ORD0092322,19.9,0.990544
ORD0092323,13.9,0.013851
ORD0092324,12.3,0.427422
ORD0092325,9.0,0.039969
ORD0092326,14.7,0.000495
ORD0092327,16.4,0.915257
ORD0092328,16.9,0.566281
ORD0092329,12.3,0.030649
ORD0092330,10.5,1e-06
ORD0092331,9.9,0.560461
ORD0092332,20.6,1e-06
ORD0092333,13.9,1e-06
ORD0092334,9.7,4.7e-05
ORD0092335,12.2,0.001352
ORD0092336,10.8,1e-05
ORD0092337,15.9,0.011006
ORD0092338,15.9,0.000739
ORD0092339,12.0,0.131566
ORD0092340,11.1,0.004539
ORD0092341,22.2,3e-06
ORD0092342,8.2,0.642715
ORD0092343,7.9,0.043024
ORD0092344,11.1,0.01186
ORD0092345,21.5,0.001908
ORD0092346,16.2,3.5e-05
ORD0092347,12.7,1e-05
ORD0092348,16.8,0.027123
ORD0092349,13.7,0.000336
ORD0092350,15.7,1.6e-05
ORD0092351,14.8,2e-05
ORD0092352,10.7,0.501289
ORD0092353,7.6,0.004809
ORD0092354,17.3,0.950609
ORD0092355,13.4,0.02433
ORD0092356,7.6,0.001085
ORD0092357,28.6,9e-06
ORD0092358,16.5,5.8e-05
ORD0092359,9.4,0.001467
ORD0092360,11.2,0.000264
ORD0092361,11.7,0.003851
ORD0092362,10.6,0.001518
ORD0092363,21.6,8.4e-05
ORD0092364,14.0,0.053297
ORD0092365,11.6,0.005067
ORD0092366,15.4,0.000177
ORD0092367,16.5,5e-05
ORD0092368,12.7,0.000472
ORD0092369,15.7,0.000124
ORD0092370,19.6,0.224508
ORD0092371,20.1,0.388396
ORD0092372,13.6,0.640814
ORD0092373,13.9,0.147241
ORD0092374,11.2,0.256441
ORD0092375,11.3,0.92717
ORD0092376,9.9,0.81127
ORD0092377,8.3,0.002604
ORD0092378,14.9,0.000609
ORD0092379,10.5,0.000326
ORD0092380,7.4,0.000134
ORD0092381,8.8,0.00011
ORD0092382,9.7,0.01725
ORD0092383,7.9,0.000117
ORD0092384,6.5,0.195469
ORD0092385,6.1,0.005649
ORD0092386,10.2,0.758093
ORD0092387,9.7,0.049413
ORD0092388,10.1,0.980739
ORD0092389,8.7,0.236081
ORD0092390,10.5,0.000104
ORD0092391,10.1,8e-06
ORD0092392,10.5,7e-06
ORD0092393,8.7,0.000616
ORD0092394,8.6,2.1e-05
ORD0092395,7.6,5e-06
ORD0092396,6.8,5e-06
ORD0092397,9.1,0.007639
ORD0092398,9.6,0.166807
ORD0092399,10.4,0.794958
ORD0092400,9.0,0.001707
ORD0092401,11.3,0.99584
ORD0092402,13.1,2.2e-05
ORD0092403,19.8,3e-05
ORD0092404,23.4,0.023058
ORD0092405,8.0,0.000256
ORD0092406,9.8,0.07234
ORD0092407,12.6,0.007698
ORD0092408,11.2,0.707345
ORD0092409,17.9,1.5e-05
ORD0092410,16.6,7.1e-05
ORD0092411,11.8,0.000297
ORD0092412,17.4,0.00324
ORD0092413,17.3,0.004669
ORD0092414,11.4,1e-06
ORD0092415,9.3,5e-06
ORD0092416,14.4,0.047561
ORD0092417,13.2,2e-06
ORD0092418,12.2,2.4e-05
ORD0092419,74.2,1.1e-05
ORD0092420,29.6,1.2e-05
ORD0092421,18.9,0.751376
ORD0092422,10.0,0.30414
ORD0092423,8.1,0.244789
ORD0092424,13.1,0.89473
ORD0092425,19.6,0.985546
ORD0092426,12.7,0.429002
ORD0092427,13.3,0.433374
ORD0092428,11.0,0.229403
ORD0092429,11.2,0.526529
ORD0092430,10.5,0.417048
ORD0092431,10.6,0.590614
ORD0092432,18.0,0.071834
ORD0092433,11.8,0.180578
ORD0092434,13.6,0.888311
ORD0092435,32.3,0.08316
ORD0092436,15.1,0.000242
ORD0092437,12.7,0.054819
ORD0092438,12.2,0.007203
ORD0092439,28.7,0.103523
ORD0092440,24.5,0.415683
ORD0092441,19.8,0.836548
ORD0092442,21.2,0.97825
ORD0092443,7.6,2e-06
ORD0092444,7.9,0.025462
ORD0092445,6.8,1.4e-05
ORD0092446,7.3,0.040436
ORD0092447,11.0,4e-06
ORD0092448,10.6,0.000213
ORD0092449,11.1,0.002457
ORD0092450,15.7,0.011265
ORD0092451,14.3,8.7e-05
ORD0092452,22.7,0.133167
ORD0092453,8.1,5e-06
ORD0092454,5.8,0.000421
ORD0092455,6.3,4.5e-05
ORD0092456,7.0,1.1e-05
ORD0092457,16.7,1.6e-05
ORD0092458,17.3,4e-06
ORD0092459,18.9,0.715888
ORD0092460,13.8,0.096128
ORD0092461,12.0,0.989213
ORD0092462,13.0,0.418734
ORD0092463,9.3,9.4e-05
ORD0092464,13.7,0.008427
ORD0092465,54.2,0.000171
ORD0092466,45.2,2.9e-05
ORD0092467,11.7,1e-06
ORD0092468,9.8,0.0443
ORD0092469,9.1,3.4e-05
ORD0092470,9.5,0.536707
ORD0092471,15.3,1e-06
ORD0092472,14.7,1e-06
ORD0092473,8.2,0.000945
ORD0092474,6.1,8.7e-05
ORD0092475,11.8,0.007456
ORD0092476,10.7,0.000973
ORD0092477,18.3,0.062967
ORD0092478,16.4,0.009611
ORD0092479,10.0,0.430542
ORD0092480,10.9,0.213422
ORD0092481,19.9,3e-06
ORD0092482,19.5,6e-06
ORD0092483,8.9,0.915109
ORD0092484,10.6,1e-06
ORD0092485,11.0,1e-06
ORD0092486,18.7,0.000167
ORD0092487,15.9,9.5e-05
ORD0092488,10.9,6e-06
ORD0092489,10.7,4e-06
ORD0092490,15.3,0.001157
ORD0092491,16.0,0.001121
ORD0092492,16.3,1e-05
ORD0092493,13.7,5e-06
ORD0092494,8.4,0.05079
ORD0092495,7.1,0.023197
ORD0092496,14.5,0.372817
ORD0092497,15.0,0.192352
ORD0092498,6.5,0.000118
ORD0092499,6.2,8.2e-05
ORD0092500,10.8,0.003129
ORD0092501,10.8,0.031611
ORD0092502,11.2,0.011292
ORD0092503,11.1,0.075692
ORD0092504,22.4,9.3e-05
ORD0092505,18.3,0.005769
ORD0092506,12.4,0.038329
ORD0092507,12.7,0.000316
ORD0092508,13.1,0.002189
ORD0092509,11.2,0.017083
ORD0092510,15.2,4.2e-05
ORD0092511,16.3,2.4e-05
ORD0092512,10.1,0.00023
ORD0092513,10.9,7.7e-05
ORD0092514,13.2,8.3e-05
ORD0092515,9.2,8e-05
ORD0092516,8.6,0.001162
ORD0092517,7.0,0.000486
ORD0092518,7.4,0.001361
ORD0092519,10.4,0.013961
ORD0092520,12.6,0.000349
ORD0092521,11.2,0.002119
ORD0092522,9.7,0.000121
ORD0092523,11.9,0.000926
ORD0092524,7.3,0.00936
ORD0092525,8.8,0.052517
ORD0092526,6.6,0.000298
ORD0092527,6.8,0.03556
ORD0092528,5.0,0.010405
ORD0092529,7.0,0.013191
ORD0092530,8.5,0.101179
ORD0092531,7.7,0.349002
ORD0092532,7.8,0.041503
ORD0092533,7.9,9.2e-05
ORD0092534,7.8,0.0
ORD0092535,7.4,0.00068
ORD0092536,7.3,0.0
ORD0092537,5.9,1e-06
ORD0092538,5.8,0.0
ORD0092539,6.8,0.009865
ORD0092540,7.0,1e-06
ORD0092541,7.2,0.02501
ORD0092542,6.3,2e-06
ORD0092543,8.8,0.266403
ORD0092544,6.9,1.3e-05
ORD0092545,7.5,0.0
ORD0092546,11.4,1e-06
ORD0092547,9.8,1e-06
ORD0092548,15.0,1e-06
ORD0092549,18.6,1e-06
ORD0092550,5.4,9e-06
ORD0092551,6.3,1e-05
ORD0092552,9.0,8.7e-05
ORD0092553,14.3,6e-06
ORD0092554,12.1,0.000348
ORD0092555,13.8,1e-06
ORD0092556,13.8,0.002484
ORD0092557,13.2,1.5e-05
ORD0092558,10.0,1e-06
ORD0092559,7.5,1e-06
ORD0092560,9.6,0.021147
ORD0092561,14.6,0.00061
ORD0092562,10.5,1e-06
ORD0092563,13.5,0.082792
ORD0092564,10.7,0.141383
ORD0092565,7.7,0.02837
ORD0092566,5.9,0.055132
ORD0092567,9.3,0.256124
ORD0092568,6.2,0.294836
ORD0092569,20.0,0.59311
ORD0092570,14.9,0.585586
ORD0092571,10.2,0.044688
ORD0092572,8.7,0.058325
ORD0092573,7.7,0.115355
ORD0092574,8.0,0.225034
ORD0092575,14.7,0.145512
ORD0092576,13.6,0.143985
ORD0092577,9.7,0.240729
ORD0092578,8.0,0.213874
ORD0092579,13.3,2.3e-05
ORD0092580,9.1,3.1e-05
ORD0092581,12.2,0.000234
ORD0092582,30.9,0.005788
ORD0092583,13.8,0.104399
ORD0092584,7.7,8e-06
ORD0092585,7.4,8.4e-05
ORD0092586,7.5,0.000256
ORD0092587,11.7,3.7e-05
ORD0092588,9.9,0.002497
ORD0092589,10.3,3e-06
ORD0092590,8.8,0.000672
ORD0092591,11.5,0.000162
ORD0092592,11.3,3e-06
ORD0092593,16.8,0.003492
ORD0092594,23.4,0.033652
ORD0092595,20.8,0.000968
ORD0092596,9.4,5e-06
ORD0092597,7.8,5e-06
ORD0092598,15.4,4e-06
ORD0092599,18.3,0.375594
ORD0092600,12.3,0.021089
ORD0092601,12.4,0.950022
ORD0092602,10.9,0.704253
ORD0092603,10.6,3.3e-05
ORD0092604,11.0,2e-06
ORD0092605,13.6,5e-06
ORD0092606,19.0,0.980096
ORD0092607,11.4,2e-06
ORD0092608,10.2,0.0
ORD0092609,10.6,2e-05
ORD0092610,18.5,1e-06
ORD0092611,9.3,5e-06
ORD0092612,7.4,1e-06
ORD0092613,13.4,0.000176
ORD0092614,18.0,0.001554
ORD0092615,10.7,0.016538
ORD0092616,10.5,2.2e-05
ORD0092617,22.8,2e-06
ORD0092618,19.2,1e-06
ORD0092619,9.1,0.230649
ORD0092620,7.4,0.000177
ORD0092621,11.4,2e-06
ORD0092622,60.2,6.7e-05
ORD0092623,35.8,0.079973
ORD0092624,21.5,7e-06
ORD0092625,16.1,0.00011
ORD0092626,15.9,4.4e-05
ORD0092627,13.5,6e-06
ORD0092628,11.8,3.6e-05
ORD0092629,16.3,0.000658
ORD0092630,15.1,0.001152
ORD0092631,14.2,4e-06
ORD0092632,9.8,0.034519
ORD0092633,13.7,0.37749
ORD0092634,7.4,8.4e-05
ORD0092635,53.8,1.3e-05
ORD0092636,9.1,0.005191
ORD0092637,12.1,0.002566
ORD0092638,12.0,0.017689
ORD0092639,10.6,0.015194
ORD0092640,27.1,0.000131
ORD0092641,18.4,0.000198
ORD0092642,12.8,0.077984
ORD0092643,14.0,0.028645
ORD0092644,18.0,0.000669
ORD0092645,17.1,0.000253
ORD0092646,15.4,0.005562
ORD0092647,10.4,0.001764
ORD0092648,17.2,6.1e-05
ORD0092649,9.4,0.000133
ORD0092650,12.5,4.7e-05
ORD0092651,9.7,0.001072
ORD0092652,8.4,0.00035
ORD0092653,14.6,0.100787
ORD0092654,11.4,0.000268
ORD0092655,10.9,0.000145
ORD0092656,8.5,0.002075
ORD0092657,6.8,0.000163
ORD0092658,8.7,0.012923
ORD0092659,6.9,0.002089
ORD0092660,6.7,0.025175
ORD0092661,7.1,0.017198
ORD0092662,10.1,0.180564
ORD0092663,8.5,0.747852
ORD0092664,7.9,0.044096
ORD0092665,10.2,2e-06
ORD0092666,9.8,0.0
ORD0092667,10.0,1e-06
ORD0092668,8.3,4e-05
ORD0092669,7.6,0.0
ORD0092670,7.8,0.000218
ORD0092671,8.6,0.0
ORD0092672,8.9,0.000752
ORD0092673,8.8,3e-06
ORD0092674,10.1,0.006919
ORD0092675,8.6,5.7e-05
ORD0092676,8.6,1e-06
ORD0092677,9.2,0.0
ORD0092678,12.9,2e-06
ORD0092679,10.3,2e-06
ORD0092680,18.4,2e-06
ORD0092681,19.5,2e-06
ORD0092682,7.2,2.4e-05
ORD0092683,13.5,0.000332
ORD0092684,8.8,3.9e-05
ORD0092685,30.0,1.4e-05
ORD0092686,36.8,1.5e-05
ORD0092687,16.5,6.3e-05
ORD0092688,16.8,0.003789
ORD0092689,12.4,0.00274
ORD0092690,19.2,0.090675
ORD0092691,11.6,5e-06
ORD0092692,8.7,5.8e-05
ORD0092693,14.4,0.598309
ORD0092694,13.2,0.090861
ORD0092695,13.2,3.7e-05
ORD0092696,10.8,0.001658
ORD0092697,14.9,0.243607
ORD0092698,13.1,0.027279
ORD0092699,8.4,0.045318
ORD0092700,7.3,0.02138
ORD0092701,12.6,0.401661
ORD0092702,7.6,0.049178
ORD0092703,19.9,0.857072
ORD0092704,16.3,0.15473
ORD0092705,13.5,0.097034
ORD0092706,11.4,0.224563
ORD0092707,10.2,0.108004
ORD0092708,11.0,0.303792
ORD0092709,9.8,0.144966
ORD0092710,18.1,0.125977
ORD0092711,13.7,0.099403
ORD0092712,13.4,0.236169
ORD0092713,9.7,0.181083
ORD0092714,14.1,0.000789
ORD0092715,12.4,0.014542
ORD0092716,12.1,0.004797
ORD0092717,12.8,0.088924
ORD0092718,34.2,0.242992
ORD0092719,18.4,0.68371
ORD0092720,22.0,0.480592
ORD0092721,24.2,1.5e-05
ORD0092722,9.9,0.002685
ORD0092723,9.7,2e-06
ORD0092724,11.0,0.298212
ORD0092725,8.8,8e-06
ORD0092726,14.4,0.168085
ORD0092727,13.5,3e-06
ORD0092728,13.6,3.8e-05
ORD0092729,12.0,0.012985
ORD0092730,16.2,0.000222
ORD0092731,15.5,0.000431
ORD0092732,17.6,0.009677
ORD0092733,23.5,0.28126
ORD0092734,22.2,0.110653
ORD0092735,8.7,9e-06
ORD0092736,8.4,9e-06
ORD0092737,11.0,1.7e-05
ORD0092738,9.7,0.014221
ORD0092739,21.9,1.1e-05
ORD0092740,18.8,1.2e-05
ORD0092741,18.6,0.746557
ORD0092742,18.1,0.919523
ORD0092743,15.8,0.982969
ORD0092744,16.2,5e-05
ORD0092745,12.3,6.5e-05
ORD0092746,19.7,0.000707
ORD0092747,25.1,0.999078
ORD0092748,53.0,8.1e-05
ORD0092749,53.1,0.977514
ORD0092750,50.1,0.000471
ORD0092751,68.2,0.000308
ORD0092752,31.0,3.4e-05
ORD0092753,49.6,3.1e-05
ORD0092754,13.2,1e-06
ORD0092755,13.7,0.000125
ORD0092756,12.0,8e-06
ORD0092757,10.3,0.00347
ORD0092758,23.4,3e-06
ORD0092759,17.2,5e-06
ORD0092760,11.4,7.5e-05
ORD0092761,16.4,0.003038
ORD0092762,22.6,0.028522
ORD0092763,18.7,0.045439
ORD0092764,15.2,0.479953
ORD0092765,23.1,7e-06
ORD0092766,10.8,0.000193
ORD0092767,13.4,0.663064
ORD0092768,14.6,1e-06
ORD0092769,14.9,2e-05
ORD0092770,24.6,0.002854
ORD0092771,16.3,3.3e-05
ORD0092772,13.1,5.4e-05
ORD0092773,24.1,0.016019
ORD0092774,21.4,0.047112
ORD0092775,17.6,0.000158
ORD0092776,17.1,0.000883
ORD0092777,14.1,0.32773
ORD0092778,23.3,0.907186
ORD0092779,19.9,0.503429
ORD0092780,9.7,0.001356
ORD0092781,7.6,0.02094
ORD0092782,13.5,0.012265
ORD0092783,15.7,0.001838
ORD0092784,14.1,0.044827
ORD0092785,13.1,0.00504
ORD0092786,27.5,0.000199
ORD0092787,23.9,4.3e-05
ORD0092788,16.8,0.193907
ORD0092789,14.3,0.024626
ORD0092790,20.0,0.001088
ORD0092791,16.4,0.000217
ORD0092792,17.2,0.00992
ORD0092793,13.3,0.000912
ORD0092794,24.5,0.021278
ORD0092795,18.8,0.002722
ORD0092796,12.2,0.073224
ORD0092797,13.1,0.005063
ORD0092798,17.5,0.013756
ORD0092799,13.6,0.00118
ORD0092800,12.6,0.281018
ORD0092801,11.3,0.023328
ORD0092802,11.0,0.024553
ORD0092803,11.0,0.006689
ORD0092804,15.9,0.006306
ORD0092805,16.4,0.001719
ORD0092806,12.7,0.002141
ORD0092807,16.8,0.000412
ORD0092808,8.3,0.000298
ORD0092809,15.1,0.151301
ORD0092810,8.0,0.002926
ORD0092811,8.1,0.113088
ORD0092812,11.8,0.020895
ORD0092813,11.7,0.610291
ORD0092814,11.1,0.081053
ORD0092815,11.0,6e-06
ORD0092816,11.1,1e-06
ORD0092817,11.1,1e-06
ORD0092818,10.8,0.0
ORD0092819,9.7,7.3e-05
ORD0092820,10.2,3e-06
ORD0092821,8.2,1e-06
ORD0092822,8.3,1e-06
ORD0092823,9.4,0.000394
ORD0092824,9.8,4.4e-05
ORD0092825,9.1,0.002775
ORD0092826,9.0,0.000407
ORD0092827,11.1,0.030428
ORD0092828,9.5,0.002069
ORD0092829,9.9,1e-06
ORD0092830,14.2,2e-06
ORD0092831,14.4,4e-06
ORD0092832,23.9,2e-06
ORD0092833,9.6,1.5e-05
ORD0092834,13.3,5.7e-05
ORD0092835,13.2,1.5e-05
ORD0092836,19.7,1.2e-05
ORD0092837,56.0,4.9e-05
ORD0092838,50.9,0.000112
ORD0092839,27.6,1.9e-05
ORD0092840,49.4,1.8e-05
ORD0092841,34.2,2.4e-05
ORD0092842,19.5,3.2e-05
ORD0092843,17.9,3e-06
ORD0092844,16.8,0.001537
ORD0092845,18.5,2.6e-05
ORD0092846,18.3,0.016263
ORD0092847,13.3,2e-06
ORD0092848,15.9,0.361163
ORD0092849,15.0,0.000757
ORD0092850,14.5,5e-06
ORD0092851,20.8,0.184671
ORD0092852,9.0,0.037414
ORD0092853,14.3,0.369754
ORD0092854,10.0,0.012104
ORD0092855,24.9,0.784333
ORD0092856,15.3,0.036015
ORD0092857,14.3,0.063196
ORD0092858,11.6,0.018473
ORD0092859,11.4,0.195996
ORD0092860,13.1,0.162928
ORD0092861,14.0,0.332025
ORD0092862,12.7,0.837884
ORD0092863,20.4,0.102261
ORD0092864,13.3,0.227474
ORD0092865,10.8,0.245908
ORD0092866,13.6,0.000238
ORD0092867,13.4,0.003782
ORD0092868,14.7,0.000711
ORD0092869,39.2,0.055018
ORD0092870,37.3,0.021841
ORD0092871,19.3,0.350637
ORD0092872,19.2,0.246432
ORD0092873,11.1,0.330986
ORD0092874,10.1,5e-06
ORD0092875,12.8,0.99024
ORD0092876,8.6,5.9e-05
ORD0092877,17.3,0.995157
ORD0092878,13.8,1.4e-05
ORD0092879,12.4,0.000523
ORD0092880,12.0,0.034894
ORD0092881,17.7,0.060385
ORD0092882,14.4,0.000305
ORD0092883,24.3,0.581926
ORD0092884,32.0,0.977364
ORD0092885,25.6,0.490703
ORD0092886,13.8,0.000314
ORD0092887,10.7,1.6e-05
ORD0092888,10.6,4.6e-05
ORD0092889,10.3,0.011539
ORD0092890,20.8,2.3e-05
ORD0092891,18.8,0.024236
ORD0092892,19.2,0.999234
ORD0092893,17.6,0.010166
ORD0092894,13.8,3.5e-05
ORD0092895,22.5,0.309722
ORD0092896,43.0,0.000319
ORD0092897,39.1,4.4e-05
ORD0092898,15.3,2e-06
ORD0092899,12.4,2.5e-05
ORD0092900,14.8,1.7e-05
ORD0092901,25.3,1e-06
ORD0092902,10.0,0.000449
ORD0092903,9.9,0.000734
ORD0092904,16.2,0.024001
ORD0092905,16.0,0.007025
ORD0092906,24.8,0.454817
ORD0092907,25.1,0.098988
ORD0092908,16.9,0.001377
ORD0092909,30.2,9e-05
ORD0092910,31.6,3e-06
ORD0092911,13.7,0.932951
ORD0092912,18.3,7e-06
ORD0092913,17.1,2e-06
ORD0092914,35.7,0.002085
ORD0092915,16.5,2e-05
ORD0092916,19.9,0.03787
ORD0092917,19.2,7.6e-05
ORD0092918,18.1,2e-05
ORD0092919,15.8,0.486854
ORD0092920,9.3,0.000654
ORD0092921,22.1,0.958105
ORD0092922,10.4,0.001565
ORD0092923,8.9,0.000101
ORD0092924,11.7,0.024204
ORD0092925,18.0,0.103282
ORD0092926,28.3,0.000344
ORD0092927,20.8,0.38606
ORD0092928,16.4,0.000294
ORD0092929,19.3,0.001189
ORD0092930,19.0,0.000203
ORD0092931,16.4,0.015344
ORD0092932,56.7,0.004713
ORD0092933,43.8,0.000126
ORD0092934,22.1,0.00011
ORD0092935,14.6,0.000589
ORD0092936,14.1,2.9e-05
ORD0092937,17.8,0.000117
ORD0092938,13.8,0.003259
ORD0092939,10.6,3.6e-05
ORD0092940,41.6,0.000133
ORD0092941,11.6,0.000225
ORD0092942,11.7,0.006133
ORD0092943,22.1,0.000116
ORD0092944,20.7,0.001139
ORD0092945,14.8,0.000403
ORD0092946,12.3,0.000269
ORD0092947,12.8,0.001738
ORD0092948,12.4,0.005709
ORD0092949,20.8,0.000176
ORD0092950,48.9,0.000134
ORD0092951,8.1,0.03555
ORD0092952,13.7,0.249107
ORD0092953,12.8,0.054041
ORD0092954,11.7,0.814339
ORD0092955,10.5,0.0
ORD0092956,9.6,1e-06
ORD0092957,9.3,2e-06
ORD0092958,9.6,0.0
ORD0092959,10.2,1e-06
ORD0092960,7.0,1e-06
ORD0092961,9.2,0.0
ORD0092962,8.2,4e-06
ORD0092963,7.6,4e-06
ORD0092964,8.1,2.3e-05
ORD0092965,8.1,6.8e-05
ORD0092966,8.4,5e-06
ORD0092967,9.3,1e-06
ORD0092968,13.4,2e-06
ORD0092969,15.7,0.234748
ORD0092970,22.6,2e-06
ORD0092971,24.9,0.139084
ORD0092972,8.1,1.6e-05
ORD0092973,8.7,0.936238
ORD0092974,13.7,9.4e-05
ORD0092975,16.8,2.5e-05
ORD0092976,17.3,0.035675
ORD0092977,13.5,0.001129
ORD0092978,18.4,0.020996
ORD0092979,16.0,0.683881
ORD0092980,11.4,2e-06
ORD0092981,18.3,0.552595
ORD0092982,14.5,5e-06
ORD0092983,14.1,0.013972
ORD0092984,20.6,0.370849
ORD0092985,13.4,0.522666
ORD0092986,10.0,0.025652
ORD0092987,12.9,0.75791
ORD0092988,24.1,0.97196
ORD0092989,18.9,0.85918
ORD0092990,11.1,0.130476
ORD0092991,9.9,0.124393
ORD0092992,12.1,0.236386
ORD0092993,9.8,0.281332
ORD0092994,20.8,0.161184
ORD0092995,14.9,0.189405
ORD0092996,13.5,0.278026
ORD0092997,17.7,0.00073
ORD0092998,11.2,4e-05
ORD0092999,14.4,0.008382
ORD0093000,14.6,0.00014
ORD0093001,33.9,0.209191
ORD0093002,28.2,0.013855
ORD0093003,22.0,0.866996
ORD0093004,22.6,0.229829
ORD0093005,8.3,5e-06
ORD0093006,8.1,8.5e-05
ORD0093007,8.0,1.1e-05
ORD0093008,12.3,2.2e-05
ORD0093009,11.5,8e-06
ORD0093010,12.3,0.025831
ORD0093011,7.4,1e-06
ORD0093012,13.5,5.4e-05
ORD0093013,12.2,2e-05
ORD0093014,19.6,0.00035
ORD0093015,13.7,0.012753
ORD0093016,24.8,0.00662
ORD0093017,16.7,0.059391
ORD0093018,9.9,1.2e-05
ORD0093019,9.8,0.007145
ORD0093021,18.5,0.000393
ORD0093023,18.8,0.171058
ORD0093024,13.8,0.576929
ORD0093025,6.6,0.000277
ORD0093026,14.1,1.6e-05
ORD0093027,12.0,1.2e-05
ORD0093028,23.6,0.985361
ORD0093030,12.7,2e-06
ORD0093031,11.6,2.3e-05
ORD0093032,9.6,9e-06
ORD0093033,17.5,1.5e-05
ORD0093034,15.9,7e-06
ORD0093035,8.8,0.000947
ORD0093036,8.7,0.000803
ORD0093037,10.9,0.00041
ORD0093038,12.3,0.008877
ORD0093039,19.9,0.083544
ORD0093040,16.4,0.837391
ORD0093041,14.0,4e-05
ORD0093042,26.2,0.000138
ORD0093043,30.3,4e-06
ORD0093044,11.2,0.986076
ORD0093045,10.3,0.001997
ORD0093046,12.9,1e-06
ORD0093047,13.7,2e-06
ORD0093048,83.4,8e-06
ORD0093049,46.9,2.6e-05
ORD0093050,24.3,0.004951
ORD0093051,21.9,0.000344
ORD0093052,15.5,2.5e-05
ORD0093053,12.5,3.5e-05
ORD0093054,24.6,0.090624
ORD0093055,16.4,9.8e-05
ORD0093056,13.0,0.826127
ORD0093057,8.0,0.003865
ORD0093058,17.8,0.988154
ORD0093059,17.0,0.030893
ORD0093060,8.2,0.002333
ORD0093061,8.1,0.000245
ORD0093062,10.2,0.021022
ORD0093063,14.3,0.073955
ORD0093064,21.3,0.000392
ORD0093065,22.5,0.055837
ORD0093066,17.7,0.520562
ORD0093067,17.3,0.001545
ORD0093068,17.1,0.018676
ORD0093069,15.5,0.400401
ORD0093070,24.6,0.045664
ORD0093071,20.4,0.000717
ORD0093072,12.7,0.120842
ORD0093073,13.7,0.003404
ORD0093074,15.2,0.019156
ORD0093075,10.7,0.000414
ORD0093076,13.7,0.437807
ORD0093077,10.2,0.000205
ORD0093078,8.9,0.001455
ORD0093079,16.6,8.4e-05
ORD0093080,19.0,0.000432
ORD0093081,11.5,0.000143
ORD0093082,8.1,0.000817
ORD0093083,8.3,0.020075
ORD0093084,10.3,0.004423
ORD0093085,9.2,0.069648
ORD0093086,23.5,0.00016
ORD0093087,7.3,0.009036
ORD0093088,12.8,0.067149
ORD0093089,13.7,0.08463
ORD0093090,10.0,0.287409
ORD0093091,9.4,0.62636
ORD0093092,11.0,4e-05
ORD0093093,10.0,0.000233
ORD0093094,9.8,2e-06
ORD0093095,10.0,2e-06
ORD0093096,11.0,0.000576
ORD0093097,8.1,0.002315
ORD0093098,6.6,1e-06
ORD0093099,6.5,2e-06
ORD0093100,9.8,0.006658
ORD0093101,8.9,0.179513
ORD0093102,8.9,0.035255
ORD0093103,10.9,0.51455
ORD0093104,9.3,5e-06
ORD0093105,9.5,2e-05
ORD0093106,14.6,0.001012
ORD0093107,22.6,0.000706
ORD0093108,8.5,0.04649
ORD0093109,9.8,3e-06
ORD0093110,15.3,0.49213
ORD0093111,10.8,5e-06
ORD0093112,19.2,5e-06
ORD0093113,17.7,1.4e-05
ORD0093114,15.9,0.000187
ORD0093115,16.0,0.000451
ORD0093116,20.5,0.003531
ORD0093117,17.5,0.004263
ORD0093118,10.6,1e-06
ORD0093119,8.3,2e-06
ORD0093120,15.1,0.051561
ORD0093121,20.6,0.08834
ORD0093122,13.1,2e-06
ORD0093123,16.2,2e-06
ORD0093124,23.7,1.2e-05
ORD0093125,15.9,0.193485
ORD0093126,12.9,0.27935
ORD0093127,8.7,0.056147
ORD0093128,7.8,0.054547
ORD0093129,14.6,0.483359
ORD0093130,10.5,0.583674
ORD0093131,25.1,0.864291
ORD0093132,15.4,0.077979
ORD0093133,14.5,0.07634
ORD0093134,22.9,0.002025
ORD0093135,12.9,0.393826
ORD0093136,11.1,0.388581
ORD0093137,11.6,0.712351
ORD0093138,21.8,0.197579
ORD0093139,16.5,0.206281
ORD0093140,15.8,0.373737
ORD0093141,15.7,0.003475
ORD0093142,12.7,0.075594
ORD0093143,12.4,5.6e-05
ORD0093144,44.3,0.892627
ORD0093145,29.2,0.000134
ORD0093146,22.5,0.995457
ORD0093147,8.0,3e-06
ORD0093148,8.5,1.9e-05
ORD0093149,11.7,6e-06
ORD0093150,12.8,9.3e-05
ORD0093151,13.8,0.004142
ORD0093152,18.4,0.039197
ORD0093153,19.3,0.000178
ORD0093154,21.0,0.765904
ORD0093155,19.1,0.708833
ORD0093156,8.4,3.3e-05
ORD0093157,10.0,8e-06
ORD0093158,7.8,1.8e-05
ORD0093159,17.1,1.4e-05
ORD0093160,20.8,3.1e-05
ORD0093161,18.5,0.993255
ORD0093162,17.9,0.077709
ORD0093163,11.9,0.007074
ORD0093164,13.9,0.529662
ORD0093165,12.9,0.000342
ORD0093166,16.1,0.056718
ORD0093167,19.7,0.983272
ORD0093168,12.8,0.023574
ORD0093169,11.7,2e-06
ORD0093170,10.9,0.490998
ORD0093171,18.0,1e-06
ORD0093172,17.3,4e-06
ORD0093173,10.6,2.1e-05
ORD0093174,11.9,0.000417
ORD0093175,11.6,9.2e-05
ORD0093176,17.6,0.003209
ORD0093177,16.4,0.006027
ORD0093178,10.3,0.030622
ORD0093179,13.9,0.092942
ORD0093180,27.1,2e-06
ORD0093181,9.1,0.475211
ORD0093182,10.2,0.579375
ORD0093183,11.9,0.008422
ORD0093184,24.7,0.003167
ORD0093185,16.5,3.4e-05
ORD0093186,12.3,4e-05
ORD0093187,22.4,0.036292
ORD0093188,16.9,0.00212
ORD0093189,17.0,7.6e-05
ORD0093190,15.0,2.7e-05
ORD0093191,12.6,0.675338
ORD0093192,7.8,0.032718
ORD0093193,18.0,0.96435
ORD0093194,17.0,0.429939
ORD0093195,6.7,0.00348
ORD0093196,23.6,2.3e-05
ORD0093197,18.2,3.9e-05
ORD0093198,10.5,0.012187
ORD0093199,9.9,0.004394
ORD0093200,12.3,0.073226
ORD0093201,10.3,0.038254
ORD0093202,23.3,0.000241
ORD0093203,12.6,0.285206
ORD0093204,16.8,0.234024
ORD0093205,16.4,0.001656
ORD0093206,14.5,0.008418
ORD0093207,12.9,0.012109
ORD0093208,18.7,0.000129
ORD0093209,17.4,0.122197
ORD0093210,10.8,0.000505
ORD0093211,15.5,0.000208
ORD0093212,10.0,0.048553
ORD0093213,7.9,0.003304
ORD0093214,10.7,0.241945
ORD0093215,12.9,0.264309
ORD0093216,20.3,0.048596
ORD0093217,13.3,0.97902
ORD0093218,10.5,0.812781
ORD0093219,7.9,0.807425
ORD0093220,13.1,0.982038
ORD0093221,10.0,0.994384
ORD0093222,7.7,0.005519
ORD0093223,5.4,0.023689
ORD0093224,11.5,0.027658
ORD0093225,10.7,0.097238
ORD0093226,8.6,0.104412
ORD0093227,8.4,0.443903
ORD0093228,9.5,0.0
ORD0093229,11.0,0.228129
ORD0093230,10.5,0.0
ORD0093231,8.7,1e-06
ORD0093232,9.2,1e-06
ORD0093233,7.3,1e-06
ORD0093234,7.0,0.0
ORD0093235,8.6,4e-06
ORD0093236,8.5,2.6e-05
ORD0093237,9.4,0.000182
ORD0093238,8.4,3e-06
ORD0093239,9.0,0.0
ORD0093240,12.5,2e-06
ORD0093241,23.5,2e-06
ORD0093242,20.4,0.000884
ORD0093243,8.7,2e-05
ORD0093244,8.3,0.001175
ORD0093245,10.8,8e-05
ORD0093246,9.5,0.028838
ORD0093247,17.2,2.8e-05
ORD0093248,16.4,4.9e-05
ORD0093249,16.2,0.000806
ORD0093250,21.3,0.012431
ORD0093251,18.6,0.001526
ORD0093252,11.3,2e-06
ORD0093253,8.7,2e-06
ORD0093254,16.8,0.317382
ORD0093255,13.6,3e-06
ORD0093256,11.8,3e-06
ORD0093257,64.2,7e-06
ORD0093258,19.6,0.099973
ORD0093259,10.3,0.022181
ORD0093260,7.4,0.070285
ORD0093261,11.7,0.330507
ORD0093262,20.3,0.829676
ORD0093263,11.9,0.048905
ORD0093264,11.9,0.217819
ORD0093265,11.0,0.54624
ORD0093266,11.2,0.54193
ORD0093267,12.1,0.822242
ORD0093268,10.6,0.288613
ORD0093269,16.4,0.370795
ORD0093270,14.4,0.603789
ORD0093271,10.7,0.823608
ORD0093272,43.4,0.111835
ORD0093273,16.2,0.000637
ORD0093274,14.0,0.002482
ORD0093275,15.5,0.003903
ORD0093276,39.3,0.178986
ORD0093277,34.1,0.017952
ORD0093278,22.7,0.777502
ORD0093279,24.3,0.656262
ORD0093280,7.3,3e-06
ORD0093281,8.8,0.503006
ORD0093282,7.2,3.4e-05
ORD0093283,8.4,0.736056
ORD0093284,11.3,1e-05
ORD0093285,9.8,0.000143
ORD0093286,11.3,6.4e-05
ORD0093287,14.7,0.000429
ORD0093288,19.1,8.7e-05
ORD0093289,17.5,0.005834
ORD0093290,9.1,4e-06
ORD0093291,4.4,3e-06
ORD0093292,6.1,4.3e-05
ORD0093293,12.1,1.2e-05
ORD0093294,18.0,3e-06
ORD0093295,18.9,0.000219
ORD0093296,15.1,0.278996
ORD0093297,9.6,9e-06
ORD0093298,9.5,0.004376
ORD0093299,6.8,0.002396
ORD0093300,12.7,1.4e-05
ORD0093301,15.1,0.117391
ORD0093302,46.7,1.9e-05
ORD0093303,11.0,1e-06
ORD0093304,9.6,1e-06
ORD0093305,9.8,2e-06
ORD0093306,7.8,1.3e-05
ORD0093307,16.2,1e-06
ORD0093308,12.9,1e-06
ORD0093309,7.5,0.000135
ORD0093310,7.1,0.000164
ORD0093311,11.4,0.001195
ORD0093312,9.2,0.001322
ORD0093313,15.4,0.012399
ORD0093314,17.0,0.044288
ORD0093315,13.5,0.153583
ORD0093316,10.8,0.414248
ORD0093317,28.6,8e-06
ORD0093318,21.4,3e-06
ORD0093319,9.2,0.826673
ORD0093320,11.5,1e-06
ORD0093321,11.5,1e-06
ORD0093322,24.0,0.00043
ORD0093323,16.0,0.001845
ORD0093324,10.9,6e-06
ORD0093325,10.6,2.6e-05
ORD0093326,19.5,0.0036
ORD0093327,16.8,0.02052
ORD0093328,14.2,1.2e-05
ORD0093329,12.6,4.7e-05
ORD0093330,9.2,0.071002
ORD0093331,8.4,0.239895
ORD0093332,14.4,0.371143
ORD0093333,13.7,0.590086
ORD0093334,6.3,0.000208
ORD0093335,6.8,0.001267
ORD0093336,9.8,0.001603
ORD0093337,10.6,0.054172
ORD0093338,11.6,0.001821
ORD0093339,11.6,0.12333
ORD0093340,27.5,5.4e-05
ORD0093341,20.3,0.01334
ORD0093342,12.1,0.008701
ORD0093343,15.2,0.000164
ORD0093344,12.7,0.000393
ORD0093345,12.6,0.040292
ORD0093346,14.9,0.003496
ORD0093347,16.1,0.00015
ORD0093348,12.2,0.011046
ORD0093349,10.6,0.000882
ORD0093350,10.4,0.003776
ORD0093351,9.1,0.000287
ORD0093352,11.3,0.068086
ORD0093353,8.3,0.002468
ORD0093354,16.3,9.9e-05
ORD0093355,9.0,0.002944
ORD0093356,9.9,0.001594
ORD0093357,13.0,0.784348
ORD0093358,12.9,0.000315
ORD0093359,9.7,0.001638
ORD0093360,10.1,0.000292
ORD0093361,7.5,0.018002
ORD0093362,7.7,0.072414
ORD0093363,11.2,0.161521
ORD0093364,7.1,0.006715
ORD0093365,6.2,0.074792
ORD0093366,6.6,0.127216
ORD0093367,10.1,0.470865
ORD0093368,9.5,0.906191
ORD0093369,8.2,0.681717
ORD0093370,8.9,1.1e-05
ORD0093371,8.0,1e-06
ORD0093372,7.4,9.4e-05
ORD0093373,7.8,0.0
ORD0093374,4.9,0.0
ORD0093375,5.6,0.0
ORD0093376,6.9,0.000637
ORD0093377,6.5,0.0
ORD0093378,6.2,0.003421
ORD0093379,6.2,3e-06
ORD0093380,7.7,0.021046
ORD0093381,6.9,1e-06
ORD0093382,7.2,0.0
ORD0093383,10.1,4e-06
ORD0093384,10.3,2e-06
ORD0093385,18.9,5e-06
ORD0093386,18.3,2e-06
ORD0093387,6.4,0.00015
ORD0093388,5.3,1.7e-05
ORD0093389,9.2,0.000948
ORD0093390,15.1,1.6e-05
ORD0093391,13.5,0.00059
ORD0093392,13.8,2e-06
ORD0093393,12.9,0.005468
ORD0093394,12.9,3e-05
ORD0093395,9.1,1e-06
ORD0093396,6.9,2e-06
ORD0093397,12.2,0.079149
ORD0093398,12.2,0.001665
ORD0093399,11.0,2e-06
ORD0093400,12.2,0.042786
ORD0093401,11.9,0.062243
ORD0093402,6.1,0.025846
ORD0093403,5.6,0.033411
ORD0093404,8.5,0.125777
ORD0093405,6.1,0.227819
ORD0093406,15.9,0.344138
ORD0093407,12.4,0.367648
ORD0093408,9.4,0.024642
ORD0093409,7.9,0.056753
ORD0093410,8.8,0.185123
ORD0093411,9.4,0.520108
ORD0093412,15.0,0.07584
ORD0093413,12.3,0.729992
ORD0093414,8.5,0.163841
ORD0093415,8.9,0.820627
ORD0093416,12.5,5e-06
ORD0093417,8.7,1.9e-05
ORD0093418,8.4,1.3e-05
ORD0093419,27.8,0.000453
ORD0093420,12.8,0.009777
ORD0093421,10.8,2e-06
ORD0093422,12.0,3e-06
ORD0093423,10.2,9e-06
ORD0093424,16.0,3e-06
ORD0093425,14.5,6e-06
ORD0093426,16.6,0.000505
ORD0093427,13.3,0.004529
ORD0093428,19.4,6e-05
ORD0093429,16.3,5e-06
ORD0093430,24.1,0.000876
ORD0093431,31.6,0.081461
ORD0093432,24.3,0.001096
ORD0093433,12.0,6e-06
ORD0093434,12.0,2.6e-05
ORD0093435,26.4,7e-06
ORD0093436,21.7,0.027226
ORD0093437,19.6,0.025456
ORD0093438,20.5,0.679405
ORD0093439,16.8,0.709761
ORD0093440,22.5,3.5e-05
ORD0093441,17.6,5e-06
ORD0093442,23.6,0.260778
ORD0093443,24.6,0.961974
ORD0093444,16.5,5e-06
ORD0093445,14.9,1e-06
ORD0093446,14.2,7.1e-05
ORD0093447,22.7,3e-06
ORD0093448,13.6,1.1e-05
ORD0093449,11.3,6e-06
ORD0093450,14.6,0.003477
ORD0093451,24.2,0.000575
ORD0093452,15.6,0.01731
ORD0093453,18.1,4.8e-05
ORD0093454,36.8,2e-06
ORD0093455,37.6,2e-06
ORD0093456,13.3,0.11257
ORD0093457,11.1,0.000304
ORD0093458,18.7,2e-06
ORD0093459,75.5,5.8e-05
ORD0093460,69.7,0.000116
ORD0093461,23.5,1.2e-05
ORD0093462,34.2,0.001326
ORD0093463,25.7,0.002202
ORD0093464,17.3,2.2e-05
ORD0093465,15.2,0.000671
ORD0093466,26.3,0.032885
ORD0093467,27.4,0.179909
ORD0093468,19.9,0.000152
ORD0093469,16.9,0.361531
ORD0093470,19.8,0.88755
ORD0093471,10.5,0.00068
ORD0093472,64.8,7.1e-05
ORD0093473,18.4,0.967926
ORD0093474,21.4,0.814551
ORD0093475,19.3,0.991661
ORD0093476,18.4,0.954188
ORD0093477,44.2,0.025162
ORD0093478,28.2,0.01077
ORD0093479,20.5,0.998856
ORD0093480,20.3,0.994001
ORD0093481,27.5,0.510923
ORD0093482,32.2,0.064512
ORD0093483,19.5,0.944511
ORD0093484,16.8,0.628457
ORD0093485,25.0,0.000241
ORD0093486,15.0,0.002192
ORD0093487,18.7,0.000144
ORD0093488,13.8,0.011893
ORD0093489,12.6,0.003246
ORD0093490,17.9,0.069448
ORD0093491,16.7,0.001579
ORD0093492,15.5,0.000334
ORD0093493,14.9,0.035103
ORD0093494,9.8,0.000753
ORD0093495,14.4,0.333945
ORD0093496,11.4,0.009616
ORD0093497,11.4,0.06566
ORD0093498,9.3,0.154775
ORD0093499,16.1,0.525651
ORD0093500,13.4,0.937193
ORD0093501,12.1,0.6171
ORD0093502,13.8,0.0
ORD0093503,13.2,3e-05
ORD0093504,12.7,0.000412
ORD0093505,11.6,0.0
ORD0093506,10.0,1e-06
ORD0093507,13.2,1e-06
ORD0093508,13.0,0.000496
ORD0093509,11.4,1.1e-05
ORD0093510,12.6,0.020626
ORD0093511,12.7,0.00014
ORD0093512,13.1,0.217893
ORD0093513,10.9,0.0017
ORD0093514,12.3,1e-05
ORD0093515,18.2,4e-06
ORD0093516,20.5,0.630899
ORD0093517,28.5,2e-06
ORD0093518,29.4,0.533318
ORD0093519,10.6,2.7e-05
ORD0093520,15.4,0.000452
ORD0093521,16.9,0.984499
ORD0093522,36.3,2.7e-05
ORD0093523,99.1,0.354376
ORD0093524,72.1,2.6e-05
ORD0093525,23.0,2e-05
ORD0093526,21.8,0.001252
ORD0093527,18.4,1.3e-05
ORD0093528,23.3,0.014478
ORD0093529,14.6,2e-06
ORD0093530,13.2,1e-06
ORD0093531,19.5,0.220406
ORD0093532,15.8,0.000375
ORD0093533,15.2,3e-06
ORD0093534,19.3,2e-06
ORD0093535,21.4,0.065365
ORD0093536,17.9,0.016055
ORD0093537,12.1,0.00713
ORD0093538,10.4,0.008042
ORD0093539,15.1,0.223067
ORD0093540,11.4,0.050841
ORD0093541,23.8,0.616688
ORD0093542,23.0,0.17718
ORD0093543,16.0,0.023432
ORD0093544,13.2,0.079035
ORD0093545,18.6,0.951719
ORD0093546,14.0,0.172759
ORD0093547,13.6,0.070759
ORD0093548,25.3,0.07922
ORD0093549,26.1,0.649718
ORD0093550,17.9,0.161293
ORD0093551,13.6,0.192571
ORD0093552,21.6,4.2e-05
ORD0093553,16.4,1e-05
ORD0093554,14.8,0.00033
ORD0093555,17.0,5.2e-05
ORD0093556,65.2,0.025995
ORD0093557,24.6,0.436004
ORD0093558,24.9,0.000696
ORD0093559,52.0,7.3e-05
ORD0093560,10.6,2e-06
ORD0093561,11.3,0.00822
ORD0093562,10.9,1e-05
ORD0093563,11.8,0.460776
ORD0093564,14.8,4e-06
ORD0093565,15.0,0.171922
ORD0093566,12.2,0.00672
ORD0093567,13.6,3.6e-05
ORD0093568,18.3,6.8e-05
ORD0093569,13.7,0.000798
ORD0093570,22.4,0.000611
ORD0093571,20.6,0.056036
ORD0093572,27.1,0.034364
ORD0093573,12.6,8e-06
ORD0093574,10.8,7e-06
ORD0093575,12.2,0.001688
ORD0093576,10.5,0.011884
ORD0093577,23.8,0.000145
ORD0093578,18.9,9e-06
ORD0093579,22.0,0.507094
ORD0093580,24.0,0.685995
ORD0093581,15.4,0.394701
ORD0093582,16.5,1.6e-05
ORD0093583,13.4,7.4e-05
ORD0093584,28.2,0.967473
ORD0093585,27.6,0.988748
ORD0093586,68.6,0.000616
ORD0093587,82.4,0.166179
ORD0093588,38.9,6.9e-05
ORD0093589,62.3,0.001169
ORD0093590,31.5,2.2e-05
ORD0093591,55.5,1.9e-05
ORD0093592,15.7,0.000123
ORD0093593,13.7,0.000146
ORD0093594,15.7,0.002442
ORD0093595,13.4,0.00558
ORD0093596,24.8,0.000296
ORD0093597,21.3,1.6e-05
ORD0093598,13.4,0.075981
ORD0093599,17.7,0.017822
ORD0093600,21.7,0.612182
ORD0093601,26.1,0.047978
ORD0093602,17.6,0.809844
ORD0093603,36.5,0.003744
ORD0093604,20.2,0.991567
ORD0093605,13.5,0.369215
ORD0093606,17.0,5.7e-05
ORD0093607,17.1,9.7e-05
ORD0093608,27.9,0.091809
ORD0093609,17.5,4.2e-05
ORD0093610,13.8,1.5e-05
ORD0093611,32.0,0.647407
ORD0093612,24.8,0.001365
ORD0093613,19.2,0.000591
ORD0093614,18.7,4.8e-05
ORD0093615,17.7,0.985381
ORD0093616,23.7,0.994654
ORD0093617,20.4,0.017217
ORD0093618,11.2,0.031962
ORD0093619,9.3,0.000462
ORD0093620,14.1,0.008357
ORD0093621,16.1,0.004464
ORD0093622,16.2,0.019945
ORD0093623,15.7,0.010427
ORD0093624,30.2,0.00012
ORD0093625,28.5,6.4e-05
ORD0093626,20.9,0.130843
ORD0093627,17.4,0.073142
ORD0093628,22.3,0.000494
ORD0093629,19.7,0.000313
ORD0093630,18.1,0.006593
ORD0093631,15.1,0.00326
ORD0093632,23.6,0.219211
ORD0093633,21.2,0.030913
ORD0093634,17.2,0.670177
ORD0093635,17.2,0.218362
ORD0093636,17.3,0.090016
ORD0093637,16.5,0.025114
ORD0093638,18.2,0.943846
ORD0093639,14.6,0.555975
ORD0093640,11.3,0.023102
ORD0093641,12.8,0.015883
ORD0093642,16.1,7.6e-05
ORD0093643,17.3,0.0038
ORD0093644,16.3,0.011503
ORD0093645,17.6,0.001527
ORD0093646,12.1,0.207609
ORD0093647,17.2,0.894985
ORD0093648,12.2,0.039995
ORD0093649,9.8,0.008506
ORD0093650,13.0,0.148247
ORD0093651,14.3,0.034085
ORD0093652,11.6,0.614432
ORD0093653,12.0,9e-06
ORD0093654,12.3,1e-06
ORD0093655,12.6,2e-06
ORD0093656,12.5,1e-06
ORD0093657,11.5,0.0
ORD0093658,10.7,6e-06
ORD0093659,10.5,1e-06
ORD0093660,8.9,1e-06
ORD0093661,12.3,1e-06
ORD0093662,10.6,8.5e-05
ORD0093663,11.4,2e-06
ORD0093664,10.3,0.000534
ORD0093665,11.3,1.5e-05
ORD0093666,10.9,0.003672
ORD0093667,11.1,3e-06
ORD0093668,19.2,5e-06
ORD0093669,16.1,2e-05
ORD0093670,31.0,4e-06
ORD0093671,10.0,1.7e-05
ORD0093672,15.1,0.000102
ORD0093673,14.3,0.000497
ORD0093674,21.2,1e-05
ORD0093675,60.7,7.6e-05
ORD0093676,42.8,0.000102
ORD0093677,33.0,1.8e-05
ORD0093678,61.9,1.9e-05
ORD0093679,36.4,2.2e-05
ORD0093680,51.9,2.2e-05
ORD0093681,21.8,0.000104
ORD0093682,18.7,2e-06
ORD0093683,26.4,0.003848
ORD0093684,24.4,9e-06
ORD0093685,27.0,0.100372
ORD0093686,18.7,5e-06
ORD0093687,21.0,0.777172
ORD0093688,17.0,0.000114
ORD0093689,17.4,2.5e-05
ORD0093690,25.8,0.802695
ORD0093691,11.4,0.299458
ORD0093692,14.8,0.963517
ORD0093693,13.1,0.139984
ORD0093694,30.5,0.996041
ORD0093695,22.0,0.415591
ORD0093696,20.6,0.464815
ORD0093697,15.4,0.040807
ORD0093698,13.8,0.143307
ORD0093699,16.2,0.849993
ORD0093700,15.9,0.465651
ORD0093701,13.0,0.182471
ORD0093702,21.7,0.541215
ORD0093703,18.4,0.767232
ORD0093704,16.5,0.984432
ORD0093705,19.1,1.2e-05
ORD0093706,16.8,8.6e-05
ORD0093707,16.9,9e-06
ORD0093708,45.6,0.000876
ORD0093709,47.3,2.8e-05
ORD0093710,27.8,0.019504
ORD0093711,29.8,0.000394
ORD0093712,10.7,2e-06
ORD0093713,10.7,3e-06
ORD0093714,10.0,1.6e-05
ORD0093715,10.3,4.2e-05
ORD0093716,14.7,5e-06
ORD0093717,15.9,1.1e-05
ORD0093718,15.1,0.002398
ORD0093719,12.5,0.048942
ORD0093720,20.5,1.8e-05
ORD0093721,19.9,0.000463
ORD0093722,25.6,8.5e-05
ORD0093723,32.2,0.003325
ORD0093724,28.3,0.703906
ORD0093725,12.9,1.2e-05
ORD0093726,10.8,1.8e-05
ORD0093727,13.2,0.000267
ORD0093728,12.8,0.019693
ORD0093729,28.0,5.2e-05
ORD0093730,24.3,0.051074
ORD0093731,16.6,0.720535
ORD0093732,21.6,9e-06
ORD0093733,18.1,5.8e-05
ORD0093734,28.0,0.979807
ORD0093735,98.1,8.4e-05
ORD0093736,51.2,0.00036
ORD0093737,99.9,0.000123
ORD0093738,16.6,7e-06
ORD0093739,14.1,0.000246
ORD0093740,12.5,4e-06
ORD0093741,26.4,1e-06
ORD0093742,13.7,0.004224
ORD0093743,11.4,0.000135
ORD0093744,16.2,0.044005
ORD0093745,17.7,0.001341
ORD0093746,28.1,2e-06
ORD0093747,23.3,0.011113
ORD0093748,19.3,0.000127
ORD0093749,47.9,1e-06
ORD0093750,44.0,1e-06
ORD0093751,16.1,0.558059
ORD0093752,19.2,3e-06
ORD0093753,16.7,1e-06
ORD0093754,108.7,6e-06
ORD0093755,56.7,1.8e-05
ORD0093756,37.7,0.005242
ORD0093757,20.1,1.8e-05
ORD0093758,24.2,0.137485
ORD0093759,20.6,5.6e-05
ORD0093760,24.0,0.001102
ORD0093761,16.6,0.882503
ORD0093762,11.1,0.054856
ORD0093763,21.1,0.962287
ORD0093764,11.8,0.003324
ORD0093765,12.1,0.03835
ORD0093766,19.5,0.029299
ORD0093767,19.2,0.152972
ORD0093768,29.7,0.000238
ORD0093769,21.0,0.530566
ORD0093770,18.6,0.000475
ORD0093771,21.4,0.00102
ORD0093772,26.3,0.00025
ORD0093773,19.2,0.020452
ORD0093774,59.0,0.003388
ORD0093775,47.9,0.000329
ORD0093776,25.3,0.000401
ORD0093777,17.8,0.002233
ORD0093778,17.7,3.9e-05
ORD0093779,19.2,0.000184
ORD0093780,15.0,0.013052
ORD0093781,12.9,5.8e-05
ORD0093782,48.1,7.6e-05
ORD0093783,14.4,0.000149
ORD0093784,15.7,0.013566
ORD0093785,23.6,0.000145
ORD0093786,17.6,0.003337
ORD0093787,15.1,0.000193
ORD0093788,16.1,0.000481
ORD0093789,10.8,0.00181
ORD0093790,15.7,0.009797
ORD0093791,30.2,0.000243
ORD0093792,41.9,0.000144
ORD0093793,29.0,0.000133
ORD0093794,11.1,0.003709
ORD0093795,16.1,0.036718
ORD0093796,17.7,0.917275
ORD0093797,13.1,0.168345
ORD0093798,12.0,1e-06
ORD0093799,10.9,1.6e-05
ORD0093800,10.5,0.008305
ORD0093801,10.9,4e-06
ORD0093802,10.9,1e-06
ORD0093803,7.5,0.07126
ORD0093804,12.2,0.854924
ORD0093805,9.5,0.00014
ORD0093806,11.2,2e-06
ORD0093807,10.2,3e-06
ORD0093808,9.1,0.003324
ORD0093809,12.0,0.654512
ORD0093810,9.9,5e-06
ORD0093811,14.9,0.000424
ORD0093812,15.5,5e-06
ORD0093813,25.2,0.000229
ORD0093814,26.0,4e-06
ORD0093815,10.4,0.013591
ORD0093816,10.3,3.2e-05
ORD0093817,17.9,0.393884
ORD0093818,19.7,3.4e-05
ORD0093819,17.6,5e-06
ORD0093820,19.7,0.001396
ORD0093821,21.8,0.016866
ORD0093822,18.0,0.000281
ORD0093823,15.8,2e-06
ORD0093824,18.6,0.329724
ORD0093825,15.8,6e-06
ORD0093826,17.6,3e-06
ORD0093827,17.9,0.126334
ORD0093828,14.5,0.012257
ORD0093829,11.1,0.054491
ORD0093830,12.5,0.307417
ORD0093831,25.6,0.745466
ORD0093832,18.7,0.019619
ORD0093833,17.4,0.061482
ORD0093834,11.5,0.069414
ORD0093835,12.4,0.18017
ORD0093836,12.1,0.200659
ORD0093837,20.8,0.551524
ORD0093838,17.6,0.119826
ORD0093839,16.1,0.931419
ORD0093840,69.6,0.025473
ORD0093841,18.8,1.9e-05
ORD0093842,13.2,0.002212
ORD0093843,13.4,0.000155
ORD0093844,14.4,0.010024
ORD0093845,58.2,0.010808
ORD0093846,43.2,0.499289
ORD0093847,21.3,0.191198
ORD0093848,25.2,0.93384
ORD0093849,13.5,0.869897
ORD0093850,15.9,0.998922
ORD0093851,13.5,0.470061
ORD0093852,21.6,0.998587
ORD0093853,17.0,0.138353
ORD0093854,15.7,0.001432
ORD0093855,13.8,1.4e-05
ORD0093856,19.9,1.3e-05
ORD0093857,16.7,3.4e-05
ORD0093858,27.6,7.3e-05
ORD0093859,24.9,0.011407
ORD0093860,37.7,0.001868
ORD0093861,26.0,0.224391
ORD0093862,13.0,1.2e-05
ORD0093863,12.7,0.000213
ORD0093864,13.3,0.000352
ORD0093865,30.1,4.2e-05
ORD0093866,23.7,7e-06
ORD0093867,24.8,0.05526
ORD0093868,18.9,0.12416
ORD0093869,15.9,0.000176
ORD0093870,25.8,1.2e-05
ORD0093871,16.2,1e-05
ORD0093872,25.6,0.730593
ORD0093873,31.5,0.959961
ORD0093874,18.7,2.6e-05
ORD0093875,16.5,0.001835
ORD0093876,13.9,4e-06
ORD0093877,25.9,3e-06
ORD0093878,24.8,1e-06
ORD0093879,13.3,0.030663
ORD0093880,13.8,4.3e-05
ORD0093881,19.6,2.9e-05
ORD0093882,17.7,0.002147
ORD0093883,27.7,0.003025
ORD0093884,25.5,0.20854
ORD0093885,19.4,0.006612
ORD0093886,42.0,7e-06
ORD0093887,35.1,0.000418
ORD0093888,13.9,0.287004
ORD0093889,16.7,0.55404
ORD0093890,16.7,6e-06
ORD0093891,19.7,2.7e-05
ORD0093892,101.7,2.2e-05
ORD0093893,29.9,0.033243
ORD0093894,29.5,0.001684
ORD0093895,17.6,2.8e-05
ORD0093896,17.1,8e-06
ORD0093897,29.2,0.695765
ORD0093898,20.3,0.00026
ORD0093899,16.6,0.990958
ORD0093900,12.6,0.052266
ORD0093901,28.4,0.99952
ORD0093902,21.9,0.338287
ORD0093903,12.5,0.021784
ORD0093904,9.9,8.5e-05
ORD0093905,20.3,0.565624
ORD0093906,23.8,0.886087
ORD0093907,37.2,0.001619
ORD0093908,33.5,7.8e-05
ORD0093909,23.6,0.995677
ORD0093910,30.1,0.017608
ORD0093911,20.7,0.287461
ORD0093912,18.5,0.000462
ORD0093913,29.5,0.098473
ORD0093914,26.7,0.001127
ORD0093915,21.7,0.28179
ORD0093916,16.3,0.007235
ORD0093917,21.1,0.036339
ORD0093918,15.9,0.000773
ORD0093919,21.5,0.886173
ORD0093920,12.4,9e-05
ORD0093921,14.2,0.006874
ORD0093922,26.8,7.4e-05
ORD0093923,22.8,0.00164
ORD0093924,17.3,0.00016
ORD0093925,13.1,0.000675
ORD0093926,14.2,0.117476
ORD0093927,13.9,0.003276
ORD0093928,16.6,0.697557
ORD0093929,40.4,0.000299
ORD0093930,15.6,0.135769
ORD0093931,20.9,0.633876
ORD0093932,18.4,0.021324
ORD0093933,15.4,0.944224
ORD0093934,12.8,0.331033
ORD0093935,14.1,7e-06
ORD0093936,14.0,0.040146
ORD0093937,13.2,3e-06
ORD0093938,12.8,1.4e-05
ORD0093939,13.2,5.7e-05
ORD0093940,13.5,0.47028
ORD0093941,9.9,6e-06
ORD0093942,10.2,0.000133
ORD0093943,13.4,0.003406
ORD0093944,13.5,0.194812
ORD0093945,13.8,0.913258
ORD0093946,14.0,0.79528
ORD0093947,11.7,5.8e-05
ORD0093948,12.9,0.003488
ORD0093949,20.7,0.122112
ORD0093950,30.9,0.033503
ORD0093951,12.8,0.870417
ORD0093952,14.3,0.006297
ORD0093953,20.0,0.998115
ORD0093954,16.4,0.139988
ORD0093955,23.8,6.6e-05
ORD0093956,22.8,0.000552
ORD0093957,22.5,0.001431
ORD0093958,29.6,0.0689
ORD0093959,26.7,0.026225
ORD0093960,34.6,0.720007
ORD0093961,19.4,3e-06
ORD0093962,12.8,6e-06
ORD0093963,21.9,0.409175
ORD0093964,24.2,0.990864
ORD0093965,22.6,6e-06
ORD0093966,21.6,4.4e-05
ORD0093967,42.5,2.9e-05
ORD0093968,23.0,0.208036
ORD0093969,19.7,0.551771
ORD0093970,12.9,0.030754
ORD0093971,11.2,0.040407
ORD0093972,17.5,0.665849
ORD0093973,17.3,0.865574
ORD0093974,36.1,0.96951
ORD0093975,20.7,0.071326
ORD0093976,16.1,0.121779
ORD0093977,33.4,0.003798
ORD0093978,15.6,0.120747
ORD0093979,16.9,0.957975
ORD0093980,15.9,0.2812
ORD0093981,29.7,0.086123
ORD0093982,26.7,0.726717
ORD0093983,17.4,0.281635
ORD0093984,20.2,1.2e-05
ORD0093985,18.9,7.4e-05
ORD0093986,17.6,1.9e-05
ORD0093987,51.5,0.005145
ORD0093988,34.8,8.3e-05
ORD0093989,29.1,0.331647
ORD0093990,10.1,1e-06
ORD0093991,9.6,7e-06
ORD0093992,14.5,1e-06
ORD0093993,12.6,8.3e-05
ORD0093994,15.7,5e-06
ORD0093995,24.7,0.02487
ORD0093996,18.8,6.3e-05
ORD0093997,29.9,0.67003
ORD0093998,22.8,0.001321
ORD0093999,14.9,1.5e-05
ORD0094000,9.1,4e-06
ORD0094001,11.5,1.3e-05
ORD0094002,28.5,0.00012
ORD0094003,20.9,1.6e-05
ORD0094004,19.8,0.011714
ORD0094005,18.8,0.064073
ORD0094006,16.7,0.966756
ORD0094007,14.0,0.426969
ORD0094008,22.2,0.012172
ORD0094009,24.5,0.135398
ORD0094010,23.5,0.916345
ORD0094011,14.9,3.4e-05
ORD0094012,13.2,9.5e-05
ORD0094013,12.1,0.001078
ORD0094014,23.0,7e-06
ORD0094015,20.9,6.4e-05
ORD0094016,12.3,0.000332
ORD0094017,14.6,0.022368
ORD0094018,15.4,0.005544
ORD0094019,21.5,0.022186
ORD0094020,20.4,0.455266
ORD0094021,20.0,0.376438
ORD0094022,22.7,0.955939
ORD0094023,29.0,4.8e-05
ORD0094024,14.6,0.907242
ORD0094025,13.7,0.995943
ORD0094026,14.9,1.2e-05
ORD0094027,29.2,0.998282
ORD0094028,23.0,0.976649
ORD0094029,18.8,0.133205
ORD0094030,25.1,0.999989
ORD0094031,27.1,0.999913
ORD0094032,22.2,0.868903
ORD0094033,21.1,0.747196
ORD0094034,16.0,0.999997
ORD0094035,14.7,0.99999
ORD0094036,22.5,0.999998
ORD0094037,23.2,0.999996
ORD0094038,14.7,0.997409
ORD0094039,47.2,0.007931
ORD0094040,40.0,0.00735
ORD0094041,14.7,0.041213
ORD0094042,19.0,0.141682
ORD0094043,14.8,0.175285
ORD0094044,16.9,0.706228
ORD0094045,27.3,0.000292
ORD0094046,19.3,0.72643
ORD0094047,19.4,0.955529
ORD0094048,29.4,0.001993
ORD0094049,19.6,0.081859
ORD0094050,15.0,0.017024
ORD0094051,20.9,0.000277
ORD0094052,21.0,0.000301
ORD0094053,14.1,0.001889
ORD0094054,14.2,0.000181
ORD0094055,13.3,0.000356
ORD0094056,14.6,0.017068
ORD0094057,12.4,0.001277
ORD0094058,11.5,0.013295
ORD0094059,18.2,7.7e-05
ORD0094060,15.6,0.0019
ORD0094061,13.0,0.13823
ORD0094062,11.5,0.055834
ORD0094063,15.4,0.638805
ORD0094064,10.8,0.525699
ORD0094065,8.5,0.724205
ORD0094066,10.7,0.761406
ORD0094067,13.4,0.955416
ORD0094068,15.4,0.936328
ORD0094069,13.4,0.996188
ORD0094070,12.7,0.994453
ORD0094071,12.9,0.000168
ORD0094072,12.5,2e-06
ORD0094073,12.8,3e-06
ORD0094074,12.4,0.003453
ORD0094075,12.2,2.4e-05
ORD0094076,9.7,4.6e-05
ORD0094077,9.3,7e-06
ORD0094078,12.5,0.115148
ORD0094079,12.5,0.704273
ORD0094080,13.6,0.96727
ORD0094081,10.4,0.000372
ORD0094082,10.6,2e-06
ORD0094083,17.1,2.3e-05
ORD0094084,29.3,1.2e-05
ORD0094085,28.4,0.047186
ORD0094086,10.7,0.000427
ORD0094087,12.8,0.233144
ORD0094088,16.0,0.004008
ORD0094089,14.2,0.914166
ORD0094090,21.3,2.7e-05
ORD0094091,22.1,6.2e-05
ORD0094092,22.5,0.001646
ORD0094093,20.0,0.025572
ORD0094094,20.3,0.002203
ORD0094095,14.9,5e-06
ORD0094096,12.8,4e-06
ORD0094097,21.8,0.565186
ORD0094098,15.3,6e-06
ORD0094099,16.9,6e-06
ORD0094100,99.2,2.2e-05
ORD0094101,22.9,0.342523
ORD0094102,11.9,0.047507
ORD0094103,11.3,0.278255
ORD0094104,16.5,0.676449
ORD0094105,27.6,0.978849
ORD0094106,21.9,0.102246
ORD0094107,19.2,0.821664
ORD0094108,16.0,0.447583
ORD0094109,12.4,0.186843
ORD0094110,17.7,0.835163
ORD0094111,14.1,0.764913
ORD0094112,26.2,0.661948
ORD0094113,20.6,0.873289
ORD0094114,13.5,0.41579
ORD0094115,97.3,0.102953
ORD0094116,20.1,0.317135
ORD0094117,17.0,0.005744
ORD0094118,19.8,0.936104
ORD0094119,50.5,0.999809
ORD0094120,42.6,0.104731
ORD0094121,27.5,0.999974
ORD0094122,28.5,0.890625
ORD0094123,8.9,2e-06
ORD0094124,8.7,3e-06
ORD0094125,8.8,6.2e-05
ORD0094126,8.1,9e-06
ORD0094127,12.4,1e-05
ORD0094128,11.4,1.3e-05
ORD0094129,14.9,0.01814
ORD0094130,16.3,0.0848
ORD0094132,38.2,0.902776
ORD0094133,8.8,7e-05
ORD0094134,7.7,0.000138
ORD0094135,8.8,4e-06
ORD0094137,17.8,2e-06
ORD0094139,23.2,0.999062
ORD0094141,12.4,0.000739
ORD0094143,15.5,0.00427
ORD0094144,16.2,0.014049
ORD0094145,60.6,3.6e-05
ORD0094146,51.6,9.4e-05
ORD0094147,37.1,1.9e-05
ORD0094148,14.7,0.009631
ORD0094149,11.5,0.006782
ORD0094150,11.7,0.102965
ORD0094151,11.6,0.670169
ORD0094152,18.6,7e-06
ORD0094153,18.5,0.00124
ORD0094154,12.0,0.175018
ORD0094155,13.7,0.999224
ORD0094156,13.1,0.8774
ORD0094157,17.1,0.999851
ORD0094158,20.8,0.71325
ORD0094159,25.6,0.999975
ORD0094160,15.9,0.994903
ORD0094161,19.0,0.99997
ORD0094162,22.0,0.001524
ORD0094163,26.7,0.953719
ORD0094164,12.4,0.998944
ORD0094165,14.2,8.2e-05
ORD0094166,15.0,0.026173
ORD0094167,23.7,0.00546
ORD0094168,20.9,0.000995
ORD0094169,14.2,2.5e-05
ORD0094170,11.3,1.8e-05
ORD0094171,26.0,0.084685
ORD0094172,18.9,0.010734
ORD0094173,15.4,0.000351
ORD0094174,16.6,6.4e-05
ORD0094175,13.5,0.623051
ORD0094176,9.1,0.199804
ORD0094177,17.5,0.98247
ORD0094178,17.0,0.836134
ORD0094179,8.0,0.003765
ORD0094180,7.8,0.00047
ORD0094181,49.2,3.4e-05
ORD0094182,12.6,0.86251
ORD0094183,15.3,0.363194
ORD0094184,17.6,0.993168
ORD0094185,14.3,0.787456
ORD0094186,28.8,0.076506
ORD0094187,24.4,0.073105
ORD0094188,17.3,0.999222
ORD0094189,21.2,0.495092
ORD0094190,16.7,0.934698
ORD0094191,16.2,0.181798
ORD0094192,18.2,0.000726
ORD0094193,19.5,0.046225
ORD0094194,12.8,0.002738
ORD0094195,12.7,0.338759
ORD0094196,13.7,0.000314
ORD0094197,11.4,0.023244
ORD0094198,11.0,0.010952
ORD0094199,12.5,0.646197
ORD0094200,10.5,0.037884
ORD0094201,9.0,0.033018
ORD0094202,15.5,0.004876
ORD0094203,15.7,0.005815
ORD0094204,12.3,0.000599
ORD0094205,10.6,0.000781
ORD0094206,7.7,0.000107
ORD0094207,9.2,0.185753
ORD0094208,11.2,0.15493
ORD0094209,11.2,0.320685
ORD0094210,7.7,0.491738
ORD0094211,7.8,0.438541
ORD0094212,13.3,0.951932
ORD0094213,10.5,0.996358
ORD0094214,10.8,0.898741
ORD0094215,10.0,0.027429
ORD0094216,8.1,0.000255
ORD0094217,10.3,0.451923
ORD0094218,9.1,0.000215
ORD0094219,6.0,0.000615
ORD0094220,5.4,0.000101
ORD0094221,9.5,0.947592
ORD0094222,8.4,0.001833
ORD0094223,9.3,0.99488
ORD0094224,8.1,0.020166
ORD0094225,9.7,0.99919
ORD0094226,8.6,0.00415
ORD0094227,8.1,0.000146
ORD0094228,12.5,0.001617
ORD0094229,12.6,0.00231
ORD0094230,22.7,0.001323
ORD0094231,23.3,0.001189
ORD0094232,7.4,0.023235
ORD0094233,11.7,0.117084
ORD0094234,13.2,0.271036
ORD0094235,17.1,7e-06
ORD0094236,13.8,0.000261
ORD0094237,14.8,6e-06
ORD0094238,19.5,0.003839
ORD0094239,16.2,0.000174
ORD0094240,14.1,1e-06
ORD0094241,9.1,2e-06
ORD0094242,13.4,0.044678
ORD0094243,16.4,0.009376
ORD0094244,12.6,2e-06
ORD0094245,16.0,0.119408
ORD0094246,14.2,0.137962
ORD0094247,8.3,0.01293
ORD0094248,8.0,0.026787
ORD0094249,9.5,0.32867
ORD0094250,7.6,0.349923
ORD0094251,20.7,0.675767
ORD0094252,21.4,0.650749
ORD0094253,12.7,0.036169
ORD0094254,10.2,0.061172
ORD0094255,10.0,0.050666
ORD0094256,10.2,0.121422
ORD0094257,20.8,0.693192
ORD0094258,13.1,0.367196
ORD0094259,15.5,0.894727
ORD0094260,10.6,0.552507
ORD0094261,14.0,3.6e-05
ORD0094262,11.6,5.3e-05
ORD0094263,10.9,0.000258
ORD0094264,40.0,0.019678
ORD0094265,16.2,0.11549
ORD0094266,11.3,0.937397
ORD0094267,10.6,0.610695
ORD0094268,11.6,0.999838
ORD0094269,18.2,0.999429
ORD0094270,15.0,0.99439
ORD0094271,11.6,0.010241
ORD0094272,10.6,0.000289
ORD0094273,16.6,0.017661
ORD0094275,20.6,0.40262
ORD0094276,28.7,0.589548
ORD0094278,11.6,0.000288
ORD0094279,11.1,0.268803
ORD0094280,21.9,0.000398
ORD0094281,20.5,0.996001
ORD0094282,13.8,0.00497
ORD0094283,14.8,0.94766
ORD0094284,9.2,0.057499
ORD0094285,13.8,0.003066
ORD0094286,15.3,4.7e-05
ORD0094287,23.3,0.998873
ORD0094289,14.6,0.984329
ORD0094290,13.0,0.100265
ORD0094291,14.4,0.999766
ORD0094292,18.7,0.000557
ORD0094293,12.1,0.082362
ORD0094294,11.9,0.972519
ORD0094295,18.8,0.617111
ORD0094296,20.3,0.964069
ORD0094297,20.4,0.9976
ORD0094298,17.4,0.999321
ORD0094299,25.8,0.008732
ORD0094300,28.7,0.17056
ORD0094301,14.7,0.999871
ORD0094302,12.7,0.999991
ORD0094303,15.1,0.928272
ORD0094304,104.9,0.12201
ORD0094305,66.5,0.20089
ORD0094306,31.0,0.003887
ORD0094307,23.0,0.001791
ORD0094308,20.9,0.000389
ORD0094309,14.2,1.5e-05
ORD0094310,12.9,0.000108
ORD0094311,21.1,0.019624
ORD0094312,18.9,0.012985
ORD0094313,16.7,5.9e-05
ORD0094314,10.9,0.524057
ORD0094315,17.4,0.932889
ORD0094316,9.7,0.001181
ORD0094317,76.8,3.1e-05
ORD0094318,13.6,0.029816
ORD0094319,11.8,0.005632
ORD0094320,15.9,0.113047
ORD0094321,13.5,0.023432
ORD0094322,23.1,0.000468
ORD0094323,25.3,0.000188
ORD0094324,16.6,0.43857
ORD0094325,15.2,0.084849
ORD0094326,25.0,0.001759
ORD0094327,19.5,0.000498
ORD0094328,12.4,0.010718
ORD0094329,14.1,0.001567
ORD0094330,21.9,0.001263
ORD0094331,11.3,0.005129
ORD0094332,17.6,0.000805
ORD0094333,12.6,0.022892
ORD0094334,9.7,0.016077
ORD0094335,17.6,0.001146
ORD0094336,12.0,0.000458
ORD0094337,13.2,0.00107
ORD0094338,10.6,0.069534
ORD0094339,9.5,0.006075
ORD0094340,9.7,0.001894
ORD0094341,9.0,0.038258
ORD0094342,10.4,0.302281
ORD0094343,9.2,0.890038
ORD0094344,13.1,0.797518
ORD0094345,12.5,0.989423
ORD0094346,13.0,0.991469
ORD0094347,12.0,1.5e-05
ORD0094348,11.6,1e-06
ORD0094349,11.8,2e-06
ORD0094350,10.8,4.7e-05
ORD0094351,7.8,2e-06
ORD0094352,10.6,0.000477
ORD0094353,10.7,1e-06
ORD0094354,9.8,0.005575
ORD0094355,9.6,2e-06
ORD0094356,11.5,0.03985
ORD0094357,9.9,3.4e-05
ORD0094358,10.5,2e-06
ORD0094359,10.9,1e-06
ORD0094360,15.7,1.5e-05
ORD0094361,13.9,5.1e-05
ORD0094362,23.9,6e-06
ORD0094363,22.0,3.4e-05
ORD0094364,9.7,0.000187
ORD0094365,14.8,0.001085
ORD0094366,14.0,0.001184
ORD0094367,93.0,0.179856
ORD0094368,54.6,4.6e-05
ORD0094369,22.1,0.00055
ORD0094370,18.8,0.024778
ORD0094371,19.0,0.000143
ORD0094372,26.9,0.47447
ORD0094373,15.8,1.3e-05
ORD0094374,10.6,3e-06
ORD0094375,19.1,0.987782
ORD0094376,18.9,0.0041
ORD0094377,13.3,5.4e-05
ORD0094378,15.6,1.2e-05
ORD0094379,19.5,0.281457
ORD0094380,14.4,0.030265
ORD0094381,10.2,0.045849
ORD0094382,7.7,0.010639
ORD0094383,13.5,0.563583
ORD0094384,9.6,0.179288
ORD0094385,25.7,0.888169
ORD0094386,19.3,0.293538
ORD0094387,13.3,0.119491
ORD0094388,11.4,0.10792
ORD0094389,11.6,0.163505
ORD0094390,13.3,0.299832
ORD0094391,12.0,0.312249
ORD0094392,24.3,0.050959
ORD0094393,15.6,0.152865
ORD0094394,12.8,0.153622
ORD0094395,10.8,0.35917
ORD0094396,18.0,0.000429
ORD0094397,13.5,0.052616
ORD0094398,16.2,0.012506
ORD0094399,14.8,0.505921
ORD0094400,48.1,0.583755
ORD0094401,23.8,0.912265
ORD0094402,24.8,0.91257
ORD0094403,33.3,6.7e-05
ORD0094404,11.2,4e-06
ORD0094405,12.7,0.197107
ORD0094406,10.7,0.000112
ORD0094407,13.2,0.976896
ORD0094408,16.2,1.9e-05
ORD0094409,18.7,0.990082
ORD0094410,13.9,4e-06
ORD0094411,14.3,3.7e-05
ORD0094412,16.6,0.056457
ORD0094413,20.1,0.0672
ORD0094414,22.0,0.223188
ORD0094415,19.4,0.567839
ORD0094416,37.1,0.958698
ORD0094417,13.1,1.8e-05
ORD0094418,10.6,1.6e-05
ORD0094419,12.0,3e-06
ORD0094421,22.3,9.4e-05
ORD0094423,26.3,0.998761
ORD0094425,14.3,2.9e-05
ORD0094426,22.4,0.003996
ORD0094427,14.8,0.000285
ORD0094428,19.6,0.000425
ORD0094430,74.6,0.000714
ORD0094431,68.2,0.001052
ORD0094432,57.0,0.001113
ORD0094433,84.6,0.000636
ORD0094434,35.1,2.5e-05
ORD0094435,59.4,2.4e-05
ORD0094436,15.7,7e-06
ORD0094437,13.9,8.2e-05
ORD0094438,14.7,0.000175
ORD0094439,14.2,0.003161
ORD0094440,21.8,4e-06
ORD0094441,20.4,5e-06
ORD0094442,10.5,0.005707
ORD0094443,16.8,0.03645
ORD0094444,28.9,0.648141
ORD0094445,24.1,0.026236
ORD0094446,22.1,0.992653
ORD0094447,37.4,0.00406
ORD0094448,15.3,0.999239
ORD0094449,18.0,0.547225
ORD0094450,15.8,0.000142
ORD0094451,14.4,2.4e-05
ORD0094452,31.4,0.299222
ORD0094453,17.1,0.000967
ORD0094454,15.4,0.001012
ORD0094455,31.4,0.945727
ORD0094456,25.9,0.655078
ORD0094457,22.3,0.011517
ORD0094458,21.0,0.011528
ORD0094459,17.8,0.998204
ORD0094460,24.3,0.999846
ORD0094461,23.0,0.986446
ORD0094462,11.9,0.15257
ORD0094463,12.8,0.366914
ORD0094464,17.4,0.73595
ORD0094465,18.3,0.833744
ORD0094466,19.5,0.939554
ORD0094467,18.4,0.961294
ORD0094468,30.2,0.114743
ORD0094469,28.9,0.054746
ORD0094470,20.6,0.986253
ORD0094471,21.4,0.999498
ORD0094472,22.1,0.333319
ORD0094473,21.4,0.245676
ORD0094474,21.9,0.683968
ORD0094475,16.6,0.727221
ORD0094476,25.4,0.016929
ORD0094477,23.1,0.000381
ORD0094478,16.0,0.059508
ORD0094479,15.6,0.003437
ORD0094480,18.7,0.007877
ORD0094481,14.1,0.000521
ORD0094482,16.2,0.330956
ORD0094483,13.4,0.008996
ORD0094484,12.0,0.000433
ORD0094485,17.1,0.94757
ORD0094486,20.3,8.9e-05
ORD0094487,21.2,0.600862
ORD0094488,16.9,0.192494
ORD0094489,15.4,0.155899
ORD0094490,11.0,0.00524
ORD0094491,14.7,0.028522
ORD0094492,8.8,0.008834
ORD0094493,8.6,0.040697
ORD0094494,15.4,0.142126
ORD0094495,15.5,0.194865
ORD0094496,12.3,0.394723
ORD0094497,13.7,4.2e-05
ORD0094498,12.7,0.000171
ORD0094499,14.7,0.790545
ORD0094500,12.7,3e-05
ORD0094501,12.3,0.000105
ORD0094502,11.5,0.001165
ORD0094503,10.0,2.3e-05
ORD0094504,9.1,7.3e-05
ORD0094505,11.1,0.000489
ORD0094506,12.0,0.020083
ORD0094507,11.1,0.00257
ORD0094508,12.1,0.217618
ORD0094509,12.2,0.021187
ORD0094510,12.9,0.645635
ORD0094511,11.8,2.4e-05
ORD0094512,17.1,0.000406
ORD0094513,20.2,0.000326
ORD0094514,24.1,0.000253
ORD0094515,12.3,0.014941
ORD0094516,16.6,0.086311
ORD0094517,14.2,0.002056
ORD0094518,23.8,0.000402
ORD0094519,87.1,0.010923
ORD0094520,75.6,0.015158
ORD0094521,58.9,0.002276
ORD0094522,63.8,0.000668
ORD0094523,91.2,0.013034
ORD0094524,25.4,0.000122
ORD0094525,21.4,8e-06
ORD0094526,20.3,0.003872
ORD0094527,23.9,0.000231
ORD0094528,22.0,0.059403
ORD0094529,15.6,5e-06
ORD0094530,22.0,0.793915
ORD0094531,19.8,0.012175
ORD0094532,17.6,2.1e-05
ORD0094533,20.8,0.321309
ORD0094534,12.1,0.051774
ORD0094535,17.7,0.701134
ORD0094536,11.6,0.326584
ORD0094537,26.4,0.959723
ORD0094538,22.1,0.891617
ORD0094539,19.0,0.123931
ORD0094540,15.4,0.087074
ORD0094541,18.7,0.984342
ORD0094542,14.0,0.993733
ORD0094543,17.1,0.999459
ORD0094544,15.2,0.553498
ORD0094545,27.4,0.801046
ORD0094546,17.3,0.923446
ORD0094547,14.2,0.817064
ORD0094548,20.5,0.012008
ORD0094549,22.0,0.275123
ORD0094550,20.1,0.008155
ORD0094551,48.9,0.888639
ORD0094552,45.2,0.045781
ORD0094553,23.6,0.988053
ORD0094554,30.4,0.323345
ORD0094555,11.3,0.001727
ORD0094556,11.3,2.6e-05
ORD0094557,12.5,0.248586
ORD0094558,11.3,0.002163
ORD0094559,16.9,0.098328
ORD0094560,16.1,0.000308
ORD0094561,15.8,0.000288
ORD0094562,14.5,6.5e-05
ORD0094563,18.7,0.003121
ORD0094564,19.2,0.00538
ORD0094565,25.3,0.025609
ORD0094566,41.3,0.776598
ORD0094567,27.9,0.218843
ORD0094568,12.0,4e-06
ORD0094569,7.5,0.016006
ORD0094570,11.4,1.7e-05
ORD0094571,11.5,0.005396
ORD0094572,27.5,7e-06
ORD0094573,28.9,0.996787
ORD0094574,16.1,0.008014
ORD0094575,27.0,0.000251
ORD0094576,17.5,9e-06
ORD0094577,25.7,0.203222
ORD0094578,17.3,0.016789
ORD0094579,17.0,0.398486
ORD0094580,14.0,0.000151
ORD0094581,23.6,0.000154
ORD0094582,13.6,7e-06
ORD0094583,10.1,0.004234
ORD0094584,23.1,0.908163
ORD0094585,16.7,0.028319
ORD0094586,24.5,0.00013
ORD0094587,27.9,0.263954
ORD0094588,23.3,0.003134
ORD0094589,34.1,3e-06
ORD0094590,33.4,2.2e-05
ORD0094591,15.1,0.032656
ORD0094592,18.7,0.009983
ORD0094593,21.3,6e-06
ORD0094594,111.0,2.4e-05
ORD0094595,31.9,0.018647
ORD0094596,17.7,3.2e-05
ORD0094597,26.9,0.298887
ORD0094598,21.9,0.000528
ORD0094599,21.2,0.019244
ORD0094600,17.4,0.953359
ORD0094601,13.9,0.552486
ORD0094602,24.6,0.997585
ORD0094603,11.9,0.007656
ORD0094604,11.7,0.288696
ORD0094605,19.0,0.036309
ORD0094606,19.0,0.222428
ORD0094607,32.7,0.000305
ORD0094608,19.5,0.62707
ORD0094609,18.4,0.000896
ORD0094610,30.5,0.001893
ORD0094611,25.1,0.000241
ORD0094612,19.0,0.016091
ORD0094613,72.9,0.004416
ORD0094614,53.0,0.000418
ORD0094615,27.5,0.000698
ORD0094616,15.9,0.002522
ORD0094617,18.4,0.000111
ORD0094618,19.9,0.000467
ORD0094619,15.5,0.014388
ORD0094620,11.9,0.000188
ORD0094621,58.5,0.000346
ORD0094622,12.4,0.002772
ORD0094623,16.5,0.051939
ORD0094624,21.1,0.000268
ORD0094625,20.4,0.006728
ORD0094626,13.9,0.000468
ORD0094627,14.5,0.000706
ORD0094628,13.1,0.034675
ORD0094629,17.4,0.256226
ORD0094630,33.3,0.000776
ORD0094631,54.5,0.001331
ORD0094632,9.1,0.011596
ORD0094633,14.8,0.13856
ORD0094634,16.0,0.067352
ORD0094635,13.0,0.500269
ORD0094636,13.9,0.000306
ORD0094637,12.2,8.5e-05
ORD0094638,10.9,2.8e-05
ORD0094639,10.9,9e-06
ORD0094640,9.7,0.002623
ORD0094641,7.6,4.2e-05
ORD0094642,10.6,0.059709
ORD0094643,10.9,0.000514
ORD0094644,10.4,0.461163
ORD0094645,12.3,0.935492
ORD0094646,10.5,0.009066
ORD0094647,13.0,0.978652
ORD0094648,10.2,1.7e-05
ORD0094649,17.8,0.074893
ORD0094650,15.1,7.4e-05
ORD0094651,25.3,0.027802
ORD0094652,26.4,3e-05
ORD0094653,12.5,0.814192
ORD0094654,13.5,0.000823
ORD0094655,19.4,0.992812
ORD0094656,21.0,8.1e-05
ORD0094657,20.3,0.173264
ORD0094658,17.4,0.003769
ORD0094659,17.2,0.029539
ORD0094660,23.4,0.963734
ORD0094661,14.4,4e-06
ORD0094662,18.6,0.589503
ORD0094663,18.3,1.3e-05
ORD0094664,15.3,0.043257
ORD0094665,18.8,0.335274
ORD0094666,18.3,0.463294
ORD0094667,10.2,0.037041
ORD0094668,14.3,0.542705
ORD0094669,25.2,0.925902
ORD0094670,19.9,0.891968
ORD0094671,16.0,0.090775
ORD0094672,14.7,0.125542
ORD0094673,12.7,0.307061
ORD0094674,11.7,0.405886
ORD0094675,29.2,0.757584
ORD0094676,20.0,0.248674
ORD0094677,18.8,0.990442
ORD0094678,123.4,0.078178
ORD0094679,18.2,0.000118
ORD0094680,12.9,2.4e-05
ORD0094681,15.2,0.001937
ORD0094682,17.5,5.3e-05
ORD0094683,54.6,0.279205
ORD0094684,35.0,0.001825
ORD0094685,28.7,0.901827
ORD0094686,27.1,0.038088
ORD0094687,12.3,0.96337
ORD0094688,12.2,0.999867
ORD0094689,11.8,0.998179
ORD0094690,19.3,0.999787
ORD0094691,16.0,0.983813
ORD0094692,13.0,4.9e-05
ORD0094693,9.5,0.045724
ORD0094694,17.3,0.709342
ORD0094695,13.3,0.000372
ORD0094696,23.6,0.934405
ORD0094697,21.8,0.090107
ORD0094698,27.9,0.998336
ORD0094699,32.9,0.973279
ORD0094700,9.7,0.000681
ORD0094701,9.5,3.8e-05
ORD0094702,10.2,7.9e-05
ORD0094703,19.9,0.0028
ORD0094704,18.3,2.1e-05
ORD0094705,25.8,0.999956
ORD0094706,20.1,0.999983
ORD0094707,14.9,0.972668
ORD0094708,17.0,0.221122
ORD0094709,12.2,0.000114
ORD0094710,21.9,0.00011
ORD0094711,25.7,0.999624
ORD0094712,17.8,0.016865
ORD0094713,14.9,0.337985
ORD0094714,11.7,0.004439
ORD0094715,27.5,0.006408
ORD0094716,20.8,0.000375
ORD0094717,14.5,0.624475
ORD0094718,10.9,0.050481
ORD0094719,16.8,0.826589
ORD0094720,14.6,0.430633
ORD0094721,30.1,0.987916
ORD0094722,21.0,0.999943
ORD0094723,24.8,0.221237
ORD0094724,31.4,0.116399
ORD0094725,38.7,0.017483
ORD0094726,14.1,0.996763
ORD0094727,13.3,0.826465
ORD0094728,14.0,0.003008
ORD0094729,16.2,0.002458
ORD0094730,24.5,0.026727
ORD0094731,22.0,0.007586
ORD0094732,15.1,8.2e-05
ORD0094733,13.9,8.1e-05
ORD0094734,28.8,0.264842
ORD0094735,18.5,0.00031
ORD0094736,15.2,0.958163
ORD0094737,11.5,0.060346
ORD0094738,23.8,0.998879
ORD0094739,19.5,0.496843
ORD0094740,10.2,0.007267
ORD0094741,9.4,0.000947
ORD0094742,14.0,0.052683
ORD0094743,18.7,0.275677
ORD0094744,29.5,0.000652
ORD0094745,22.8,0.000537
ORD0094746,17.1,0.740363
ORD0094747,17.5,0.005709
ORD0094748,17.0,0.026244
ORD0094749,13.8,0.00115
ORD0094750,25.8,0.000484
ORD0094751,23.4,0.001984
ORD0094752,26.3,0.000802
ORD0094753,16.4,0.009262
ORD0094754,15.1,0.002055
ORD0094755,15.4,0.00074
ORD0094756,13.8,0.000351
ORD0094757,13.8,0.0578
ORD0094758,16.4,0.999461
ORD0094759,12.7,0.95798
ORD0094760,20.1,0.994735
ORD0094761,23.5,0.614599
ORD0094762,14.6,0.866012
ORD0094763,13.6,0.999995
ORD0094764,11.2,0.994302
ORD0094765,16.3,0.999994
ORD0094766,13.2,0.999267
ORD0094767,9.0,0.024683
ORD0094768,12.6,0.163617
ORD0094769,14.4,0.152232
ORD0094770,11.0,0.608827
ORD0094771,12.1,0.805119
ORD0094772,12.1,6.7e-05
ORD0094773,13.0,0.81018
ORD0094774,15.2,0.999053
ORD0094775,11.9,0.001479
ORD0094776,11.6,0.00019
ORD0094777,12.3,0.997538
ORD0094778,8.7,7.2e-05
ORD0094779,8.0,0.005828
ORD0094780,10.9,0.00042
ORD0094781,10.8,0.00431
ORD0094782,13.0,0.99988
ORD0094783,11.0,0.02166
ORD0094784,13.7,0.999728
ORD0094785,11.7,0.294196
ORD0094786,15.4,0.044828
ORD0094787,29.3,0.023768
ORD0094788,12.0,0.487249
ORD0094789,12.6,0.026345
ORD0094790,16.3,0.977943
ORD0094791,12.9,0.383683
ORD0094792,21.7,0.009258
ORD0094793,19.4,0.000986
ORD0094794,22.2,0.343326
ORD0094795,24.0,0.026883
ORD0094796,24.6,0.944792
ORD0094797,21.6,0.212819
ORD0094798,13.9,4.7e-05
ORD0094799,12.7,1.2e-05
ORD0094800,23.7,0.999021
ORD0094801,19.5,0.908545
ORD0094802,17.5,0.000849
ORD0094803,16.3,9.2e-05
ORD0094804,25.1,0.403823
ORD0094805,15.7,0.474829
ORD0094806,10.0,0.04623
ORD0094807,9.0,0.08245
ORD0094808,13.7,0.894599
ORD0094809,14.2,0.875097
ORD0094810,23.9,0.989924
ORD0094811,21.4,0.125242
ORD0094812,14.9,0.220627
ORD0094813,34.8,0.018967
ORD0094814,15.0,0.582186
ORD0094815,11.8,0.305508
ORD0094816,16.5,0.95645
ORD0094817,21.9,0.183071
ORD0094818,21.1,0.151993
ORD0094819,16.5,0.32615
ORD0094820,19.3,0.115569
ORD0094821,19.5,0.796609
ORD0094822,18.9,0.467615
ORD0094823,44.5,0.995933
ORD0094824,46.0,0.996752
ORD0094825,23.9,0.99967
ORD0094826,9.2,1e-06
ORD0094827,8.9,6e-06
ORD0094828,13.5,1e-06
ORD0094829,13.2,0.000134
ORD0094830,14.8,8.3e-05
ORD0094831,23.4,0.001151
ORD0094832,21.3,0.00242
ORD0094833,24.1,0.033164
ORD0094834,20.4,0.035297
ORD0094835,9.6,6e-06
ORD0094836,6.1,0.000344
ORD0094837,11.2,3.4e-05
ORD0094838,20.1,3e-06
ORD0094839,19.7,4e-06
ORD0094840,18.7,0.474833
ORD0094841,17.9,0.577085
ORD0094842,12.8,0.010779
ORD0094843,10.7,0.699168
ORD0094844,15.9,1.9e-05
ORD0094845,17.5,0.096773
ORD0094846,24.1,0.996553
ORD0094847,12.5,0.000393
ORD0094848,12.9,6e-06
ORD0094849,12.2,0.001026
ORD0094850,20.5,5e-06
ORD0094851,17.6,6e-06
ORD0094852,10.0,0.008333
ORD0094853,14.3,0.019165
ORD0094854,12.8,0.000123
ORD0094855,18.4,0.086526
ORD0094856,20.1,0.004071
ORD0094857,12.6,0.771142
ORD0094858,13.6,0.036199
ORD0094859,23.0,0.000137
ORD0094860,11.8,0.98857
ORD0094861,9.7,0.178755
ORD0094862,16.4,8e-06
ORD0094863,23.5,0.017251
ORD0094864,20.9,2.9e-05
ORD0094865,12.4,3e-05
ORD0094866,19.9,0.191746
ORD0094867,18.4,0.000753
ORD0094868,18.7,0.000343
ORD0094869,21.3,1.4e-05
ORD0094870,14.2,0.748487
ORD0094871,10.4,0.01326
ORD0094872,19.5,0.993397
ORD0094873,17.9,0.117395
ORD0094874,9.2,0.004819
ORD0094875,26.4,4e-05
ORD0094876,21.2,0.000106
ORD0094877,13.4,0.909093
ORD0094878,14.4,0.248526
ORD0094879,16.8,0.985705
ORD0094880,14.8,0.489335
ORD0094881,29.6,0.282291
ORD0094882,18.0,0.99571
ORD0094883,17.3,0.846442
ORD0094884,31.5,0.688974
ORD0094885,25.8,0.231576
ORD0094886,19.5,0.919317
ORD0094887,19.2,0.000228
ORD0094888,24.5,0.864748
ORD0094889,12.2,0.001094
ORD0094890,13.8,0.000169
ORD0094891,15.5,0.512329
ORD0094892,13.2,0.007677
ORD0094893,14.1,0.972003
ORD0094894,9.9,0.007311
ORD0094895,15.3,0.002511
ORD0094896,14.5,0.91366
ORD0094897,10.9,0.090791
ORD0094898,8.9,0.002209
ORD0094899,11.1,0.21373
ORD0094900,8.9,0.00583
ORD0094901,8.6,0.003186
ORD0094902,6.8,0.005382
ORD0094903,13.5,0.020035
ORD0094904,10.3,0.061041
ORD0094905,10.2,0.170769
ORD0094906,10.4,0.329966
ORD0094907,13.1,0.018316
ORD0094908,11.8,0.000153
ORD0094909,10.7,7.8e-05
ORD0094910,11.0,0.16202
ORD0094911,10.6,0.000561
ORD0094912,7.7,0.000122
ORD0094913,7.6,0.000101
ORD0094914,11.9,0.766947
ORD0094915,10.7,0.991325
ORD0094916,13.9,0.997335
ORD0094917,10.7,0.005177
ORD0094918,10.9,0.001136
ORD0094919,17.4,0.95354
ORD0094920,21.6,0.714826
ORD0094921,26.6,0.668885
ORD0094922,11.7,0.99984
ORD0094923,14.8,0.974846
ORD0094924,17.1,0.999978
ORD0094925,13.7,0.999812
ORD0094926,20.1,0.000128
ORD0094927,20.1,0.082126
ORD0094928,19.6,0.005855
ORD0094929,19.4,0.067457
ORD0094930,22.2,0.844718
ORD0094931,13.5,3e-06
ORD0094932,10.5,0.001169
ORD0094933,21.6,0.873713
ORD0094934,17.4,1.4e-05
ORD0094935,14.4,0.032846
ORD0094936,87.0,1.4e-05
ORD0094937,21.8,1.7e-05
ORD0094938,19.5,0.995271
ORD0094939,12.6,0.952395
ORD0094940,9.4,0.76093
ORD0094941,16.9,0.998411
ORD0094942,27.2,0.99996
ORD0094943,18.2,0.968215
ORD0094944,15.6,0.914725
ORD0094945,12.0,0.152464
ORD0094946,13.2,0.606805
ORD0094947,12.2,0.435964
ORD0094948,10.4,0.06477
ORD0094949,19.1,0.198181
ORD0094950,15.0,0.438459
ORD0094951,12.7,0.874009
ORD0094952,33.5,0.081008
ORD0094953,19.0,4.3e-05
ORD0094954,13.8,7.7e-05
ORD0094955,15.1,0.00016
ORD0094956,38.0,0.00616
ORD0094957,30.0,0.000559
ORD0094958,21.5,0.081741
ORD0094959,25.1,0.022764
ORD0094960,9.7,0.005795
ORD0094961,9.7,0.122411
ORD0094962,9.8,0.426729
ORD0094963,9.9,0.35421
ORD0094964,14.0,0.198077
ORD0094965,12.4,0.000273
ORD0094966,11.0,9e-06
ORD0094967,17.0,0.023699
ORD0094968,16.0,1.9e-05
ORD0094969,23.9,0.41618
ORD0094970,8.3,1e-06
ORD0094971,8.4,0.014361
ORD0094972,9.6,5.2e-05
ORD0094973,8.8,2e-06
ORD0094974,21.3,1e-06
ORD0094975,18.1,0.213415
ORD0094976,18.8,0.985176
ORD0094977,15.0,0.014548
ORD0094978,14.0,0.99151
ORD0094979,13.8,0.851616
ORD0094980,16.0,2e-06
ORD0094981,15.5,3e-06
ORD0094982,40.6,0.006513
ORD0094983,53.1,0.000334
ORD0094984,64.8,0.000113
ORD0094985,11.8,8e-05
ORD0094986,11.5,2e-06
ORD0094987,11.0,0.003571
ORD0094988,8.6,7e-06
ORD0094989,19.3,1.1e-05
ORD0094990,19.3,3e-06
ORD0094991,11.3,0.015926
ORD0094992,9.1,0.002026
ORD0094993,13.3,0.163117
ORD0094994,11.5,0.020485
ORD0094995,20.4,0.820618
ORD0094996,20.3,0.218058
ORD0094997,16.5,0.996046
ORD0094998,14.3,0.911763
ORD0094999,25.5,0.002409
ORD0095000,30.3,8.4e-05
ORD0095001,10.6,0.998267
ORD0095002,11.2,7.2e-05
ORD0095003,13.0,1.2e-05
ORD0095004,25.2,0.032833
ORD0095005,20.3,0.037196
ORD0095006,15.1,3.1e-05
ORD0095007,12.7,5e-05
ORD0095008,19.0,0.636719
ORD0095009,20.5,0.623538
ORD0095010,16.0,0.000439
ORD0095011,16.0,0.000321
ORD0095012,15.3,0.97455
ORD0095013,10.5,0.966113
ORD0095014,16.9,0.997075
ORD0095015,18.4,0.991899
ORD0095016,9.4,0.022896
ORD0095017,8.1,0.021413
ORD0095018,41.2,2.5e-05
ORD0095019,12.0,0.010438
ORD0095020,13.7,0.002096
ORD0095021,16.1,0.041709
ORD0095022,13.2,0.007818
ORD0095023,25.9,0.000223
ORD0095024,19.7,0.00018
ORD0095025,14.5,0.194236
ORD0095026,18.7,0.001126
ORD0095027,15.1,0.007255
ORD0095028,11.7,0.000521
ORD0095029,18.1,0.008972
ORD0095030,18.1,0.000199
ORD0095031,12.2,0.043704
ORD0095032,12.8,0.001479
ORD0095033,13.8,0.005108
ORD0095034,11.5,0.00024
ORD0095035,14.2,0.367046
ORD0095036,8.9,0.006065
ORD0095037,9.0,0.393747
ORD0095038,10.9,0.097106
ORD0095039,15.3,0.134013
ORD0095040,14.4,0.030935
ORD0095041,12.4,0.025605
ORD0095042,11.4,0.004202
ORD0095043,8.0,0.000604
ORD0095044,7.4,0.000847
ORD0095045,10.9,0.831272
ORD0095046,9.0,0.430157
ORD0095047,8.0,0.222058
ORD0095048,8.5,0.899084
ORD0095049,12.0,0.737712
ORD0095050,11.4,0.987062
ORD0095051,13.2,0.99786
ORD0095052,8.9,3.5e-05
ORD0095053,9.5,2e-06
ORD0095054,7.7,0.000199
ORD0095055,8.1,3e-06
ORD0095056,6.3,3e-06
ORD0095057,5.9,2e-06
ORD0095058,8.2,0.001304
ORD0095059,7.7,6e-06
ORD0095060,8.1,0.006791
ORD0095061,7.1,5.8e-05
ORD0095062,10.0,0.070111
ORD0095063,8.7,9e-06
ORD0095064,7.8,2e-06
ORD0095065,11.8,0.001191
ORD0095066,14.0,0.044088
ORD0095067,17.8,0.001242
ORD0095068,20.9,0.035199
ORD0095069,7.2,0.061347
ORD0095070,8.0,0.564517
ORD0095071,14.7,0.623248
ORD0095072,18.2,0.000457
ORD0095073,15.7,0.012011
ORD0095074,16.5,0.082907
ORD0095075,18.7,0.333052
ORD0095076,20.0,0.626341
ORD0095077,10.4,7e-06
ORD0095078,10.2,0.019971
ORD0095079,18.3,0.969535
ORD0095080,17.1,0.997
ORD0095081,10.8,4.3e-05
ORD0095082,16.4,0.12183
ORD0095083,13.7,0.164189
ORD0095084,6.9,0.020352
ORD0095085,6.6,0.014316
ORD0095086,10.5,0.295879
ORD0095087,9.6,0.51756
ORD0095088,20.7,0.653577
ORD0095089,17.4,0.854539
ORD0095090,11.1,0.051181
ORD0095091,9.7,0.050134
ORD0095092,9.9,0.105619
ORD0095093,9.7,0.325286
ORD0095094,19.9,0.501113
ORD0095095,14.8,0.137525
ORD0095096,13.7,0.78471
ORD0095097,10.9,0.254899
ORD0095098,13.4,0.020211
ORD0095099,11.8,0.970404
ORD0095100,14.1,0.207408
ORD0095101,36.7,0.834562
ORD0095102,18.4,0.967011
ORD0095103,9.0,1e-06
ORD0095104,9.5,2e-06
ORD0095105,9.3,4e-06
ORD0095106,13.4,1e-06
ORD0095107,12.4,6e-06
ORD0095108,12.8,6e-06
ORD0095109,11.7,0.484024
ORD0095110,13.3,0.000546
ORD0095111,13.7,2e-06
ORD0095112,19.3,0.029465
ORD0095113,26.5,0.424758
ORD0095114,16.3,0.000817
ORD0095115,11.0,3e-06
ORD0095116,10.3,0.005359
ORD0095117,20.4,9e-06
ORD0095118,20.6,0.974996
ORD0095119,16.8,0.336346
ORD0095120,16.1,0.999686
ORD0095121,14.2,0.981434
ORD0095122,16.7,5.8e-05
ORD0095123,12.4,2e-06
ORD0095124,16.8,5.9e-05
ORD0095125,23.9,0.994206
ORD0095126,13.3,1.3e-05
ORD0095127,12.0,1e-06
ORD0095128,13.1,0.000179
ORD0095129,18.0,6e-06
ORD0095130,14.4,0.005457
ORD0095131,10.8,1.3e-05
ORD0095132,12.4,0.000358
ORD0095133,19.3,0.089559
ORD0095134,17.0,0.730997
ORD0095135,14.5,0.000278
ORD0095136,25.8,2.1e-05
ORD0095137,32.0,3e-06
ORD0095138,11.7,0.983784
ORD0095139,10.3,0.001269
ORD0095140,13.0,6e-06
ORD0095141,66.2,3.7e-05
ORD0095142,36.2,0.025857
ORD0095143,18.5,1.5e-05
ORD0095144,23.5,0.002326
ORD0095145,18.1,0.020268
ORD0095146,13.9,2e-05
ORD0095147,12.7,0.008011
ORD0095148,24.0,0.038025
ORD0095149,18.6,0.421409
ORD0095150,16.6,2.2e-05
ORD0095151,12.8,0.49464
ORD0095152,20.9,0.967954
ORD0095153,9.5,0.001213
ORD0095154,12.4,0.017504
ORD0095155,12.4,0.005466
ORD0095156,14.0,0.048372
ORD0095157,13.3,0.022821
ORD0095158,27.8,0.000188
ORD0095159,22.9,0.000198
ORD0095160,16.3,0.261413
ORD0095161,15.5,0.083577
ORD0095162,19.6,0.001375
ORD0095163,20.0,0.000549
ORD0095164,17.3,0.007794
ORD0095165,12.8,0.002103
ORD0095166,19.4,0.00019
ORD0095167,11.6,0.000577
ORD0095168,14.2,0.000143
ORD0095169,11.3,0.004672
ORD0095170,10.7,0.015849
ORD0095171,16.4,0.007472
ORD0095172,13.9,0.969541
ORD0095173,12.0,0.056409
ORD0095174,11.1,0.12473
ORD0095175,8.7,0.180058
ORD0095176,15.4,0.455111
ORD0095177,10.0,0.722668
ORD0095178,6.7,0.063497
ORD0095179,6.9,0.205744
ORD0095180,16.5,0.388264
ORD0095181,11.1,0.778828
ORD0095182,10.5,0.769684
ORD0095183,11.9,2.5e-05
ORD0095184,11.3,2e-06
ORD0095185,11.2,3e-06
ORD0095186,9.5,0.000107
ORD0095187,7.8,2e-06
ORD0095188,9.9,0.000804
ORD0095189,10.4,3e-06
ORD0095190,9.7,0.00713
ORD0095191,9.6,1.5e-05
ORD0095192,13.0,0.049255
ORD0095193,9.8,7e-05
ORD0095194,9.9,7e-06
ORD0095195,11.3,3e-06
ORD0095196,14.7,0.000284
ORD0095197,16.6,0.897724
ORD0095198,24.4,0.000133
ORD0095199,26.5,0.915381
ORD0095200,9.3,0.003971
ORD0095201,15.7,0.092845
ORD0095202,14.4,0.996046
ORD0095203,34.1,5.5e-05
ORD0095204,109.5,0.001042
ORD0095205,19.6,0.002047
ORD0095206,19.0,0.106377
ORD0095207,17.9,0.031551
ORD0095208,23.9,0.77684
ORD0095209,12.0,3.8e-05
ORD0095210,10.8,0.000208
ORD0095211,22.2,0.997592
ORD0095212,19.8,0.721636
ORD0095213,14.7,0.001399
ORD0095214,16.4,0.007952
ORD0095215,17.0,0.247255
ORD0095216,16.5,0.057804
ORD0095217,9.8,0.028029
ORD0095218,8.5,0.022112
ORD0095219,13.1,0.56225
ORD0095220,9.8,0.195373
ORD0095221,24.8,0.909685
ORD0095222,17.6,0.579854
ORD0095223,14.6,0.076793
ORD0095224,12.8,0.546212
ORD0095225,10.9,0.046569
ORD0095226,13.3,0.776645
ORD0095227,10.5,0.101644
ORD0095228,18.1,0.139053
ORD0095229,16.3,0.176605
ORD0095230,14.4,0.307041
ORD0095231,12.6,0.312069
ORD0095232,60.0,0.14602
ORD0095233,19.2,0.020298
ORD0095234,15.2,0.974754
ORD0095235,15.1,0.310296
ORD0095236,19.6,0.999635
ORD0095237,53.7,0.964001
ORD0095238,26.3,0.997256
ORD0095239,26.0,0.99997
ORD0095240,35.0,0.004901
ORD0095241,12.0,0.223537
ORD0095242,11.6,0.0001
ORD0095243,13.3,0.995805
ORD0095244,9.9,0.006176
ORD0095245,18.8,0.983898
ORD0095246,15.6,0.000865
ORD0095247,15.1,0.278787
ORD0095248,14.4,0.830259
ORD0095249,19.8,0.547161
ORD0095250,15.2,0.049515
ORD0095251,30.1,0.995543
ORD0095252,23.8,0.994833
ORD0095253,38.5,0.99988
ORD0095254,12.0,0.000358
ORD0095255,9.7,0.000262
ORD0095256,14.7,0.943789
ORD0095257,11.8,0.476973
ORD0095258,25.3,0.004036
ORD0095259,19.9,0.000678
ORD0095260,22.9,0.97929
ORD0095261,25.0,0.999932
ORD0095262,18.7,0.999546
ORD0095263,23.6,0.065734
ORD0095264,15.8,0.016424
ORD0095265,25.5,0.999966
ORD0095266,25.6,0.999993
ORD0095267,61.9,0.061211
ORD0095268,85.8,0.999926
ORD0095269,57.4,0.025117
ORD0095270,55.9,0.006775
ORD0095271,25.6,0.00581
ORD0095272,44.9,0.001081
ORD0095273,18.1,1.6e-05
ORD0095274,14.1,0.004461
ORD0095275,15.1,0.000857
ORD0095276,14.5,0.116362
ORD0095277,25.4,1.3e-05
ORD0095278,20.0,6.3e-05
ORD0095279,11.9,0.018553
ORD0095280,15.8,0.016388
ORD0095281,26.0,0.39345
ORD0095282,23.8,0.68976
ORD0095283,19.4,0.97659
ORD0095284,31.7,0.001605
ORD0095285,13.1,0.287232
ORD0095286,18.6,0.995694
ORD0095287,18.1,0.00011
ORD0095288,17.5,0.002537
ORD0095289,35.5,0.884703
ORD0095290,17.5,0.011231
ORD0095291,16.1,0.002248
ORD0095292,33.4,0.997126
ORD0095293,24.8,0.476419
ORD0095294,20.5,0.184633
ORD0095295,21.1,0.014004
ORD0095296,19.2,0.999965
ORD0095297,25.9,0.999994
ORD0095298,22.3,0.932026
ORD0095299,12.1,0.802566
ORD0095300,11.0,0.239165
ORD0095301,19.0,0.54769
ORD0095302,16.4,0.032596
ORD0095303,21.3,0.927975
ORD0095304,16.1,0.137325
ORD0095305,31.7,0.00366
ORD0095306,27.1,0.000329
ORD0095307,23.3,0.995661
ORD0095308,20.1,0.53589
ORD0095309,26.1,0.053796
ORD0095310,19.4,0.002007
ORD0095311,18.0,0.38341
ORD0095312,15.5,0.014444
ORD0095313,25.1,0.000839
ORD0095314,24.8,0.000716
ORD0095315,14.0,0.002276
ORD0095316,16.3,0.002341
ORD0095317,20.1,0.000486
ORD0095318,14.2,0.000474
ORD0095319,14.8,0.011881
ORD0095320,11.8,0.007639
ORD0095321,12.4,0.015631
ORD0095322,16.5,0.900873
ORD0095323,18.9,0.306517
ORD0095324,22.6,0.419321
ORD0095325,15.4,0.004154
ORD0095326,16.2,0.087222
ORD0095327,10.8,0.124624
ORD0095328,15.5,0.390892
ORD0095329,10.4,0.00871
ORD0095330,9.3,0.013114
ORD0095331,14.5,0.117469
ORD0095332,13.2,0.092134
ORD0095333,12.2,0.357034
ORD0095334,13.7,0.030198
ORD0095335,12.0,7.2e-05
ORD0095336,12.6,5.8e-05
ORD0095337,12.9,8e-06
ORD0095338,11.9,0.258383
ORD0095339,12.0,0.000575
ORD0095340,8.8,0.000167
ORD0095341,8.9,2e-05
ORD0095342,12.5,0.898705
ORD0095343,11.1,0.007913
ORD0095344,13.1,0.967605
ORD0095345,11.2,0.135169
ORD0095346,14.5,0.976444
ORD0095347,13.1,0.619806
ORD0095348,11.1,0.003288
ORD0095349,15.4,6.9e-05
ORD0095350,16.3,5.4e-05
ORD0095351,22.5,4.4e-05
ORD0095352,9.7,0.001141
ORD0095353,16.7,0.011358
ORD0095354,13.0,0.000266
ORD0095355,23.3,6.3e-05
ORD0095356,64.8,0.001013
ORD0095357,56.0,0.000479
ORD0095358,52.2,0.000228
ORD0095359,60.6,8.1e-05
ORD0095360,93.0,0.771658
ORD0095361,50.0,8.2e-05
ORD0095362,22.4,8.1e-05
ORD0095363,21.2,3e-06
ORD0095364,20.5,0.003031
ORD0095365,23.9,3e-05
ORD0095366,24.8,0.044424
ORD0095367,15.2,4e-06
ORD0095368,21.6,0.688195
ORD0095369,16.4,0.001134
ORD0095370,16.0,1.5e-05
ORD0095371,20.9,0.321426
ORD0095372,11.5,0.016003
ORD0095373,16.1,0.671082
ORD0095374,15.1,0.757878
ORD0095375,26.4,0.971343
ORD0095376,31.1,0.980814
ORD0095377,15.6,0.088604
ORD0095378,15.8,0.388391
ORD0095379,14.8,0.596211
ORD0095380,14.7,0.189648
ORD0095381,15.8,0.930054
ORD0095382,13.9,0.652916
ORD0095383,26.1,0.317789
ORD0095384,15.2,0.574075
ORD0095385,13.6,0.436871
ORD0095386,20.0,9.8e-05
ORD0095387,18.0,0.001616
ORD0095388,19.3,2.3e-05
ORD0095389,50.1,0.055079
ORD0095390,42.3,8.6e-05
ORD0095391,26.1,0.540686
ORD0095392,27.2,0.004281
ORD0095393,11.4,5.9e-05
ORD0095394,11.2,2e-06
ORD0095395,11.0,0.00293
ORD0095396,10.3,4.2e-05
ORD0095397,15.4,0.001592
ORD0095398,15.4,1.5e-05
ORD0095399,16.2,0.000542
ORD0095401,20.2,0.000181
ORD0095402,16.7,0.43085
ORD0095403,27.9,0.003248
ORD0095404,36.1,0.082242
ORD0095405,27.7,0.998862
ORD0095406,13.9,5e-06
ORD0095408,11.5,8e-05
ORD0095409,10.6,0.000545
ORD0095410,26.4,1.2e-05
ORD0095411,24.0,0.027012
ORD0095412,19.2,0.388176
ORD0095413,21.0,1.5e-05
ORD0095414,15.1,0.05386
ORD0095415,29.1,0.93226
ORD0095416,103.6,0.00044
ORD0095417,16.0,6e-06
ORD0095418,15.3,0.000122
ORD0095419,13.4,0.000284
ORD0095420,25.2,6e-06
ORD0095421,13.7,0.000361
ORD0095422,10.3,0.010219
ORD0095423,19.8,0.016424
ORD0095424,16.6,0.057858
ORD0095425,22.9,0.003633
ORD0095426,27.9,0.660564
ORD0095427,23.3,0.202366
ORD0095428,30.0,3.1e-05
ORD0095429,34.5,4e-05
ORD0095430,18.2,0.819159
ORD0095431,15.1,2e-06
ORD0095432,19.1,6e-06
ORD0095433,24.1,0.007214
ORD0095434,17.2,3.1e-05
ORD0095435,30.1,0.11945
ORD0095436,22.9,0.000132
ORD0095437,21.7,1.9e-05
ORD0095438,17.5,0.909959
ORD0095439,12.1,0.003592
ORD0095440,23.4,0.995226
ORD0095441,10.6,0.002576
ORD0095442,12.5,0.000218
ORD0095443,22.3,0.99492
ORD0095444,23.9,0.999472
ORD0095445,34.6,0.583009
ORD0095446,22.6,0.999923
ORD0095447,22.0,0.999935
ORD0095448,35.0,0.926682
ORD0095449,32.7,0.999164
ORD0095450,26.4,0.991801
ORD0095451,86.7,0.977186
ORD0095452,53.6,0.097197
ORD0095453,33.1,0.160901
ORD0095454,17.8,0.415514
ORD0095455,17.1,0.000169
ORD0095456,19.0,0.031625
ORD0095457,14.6,0.885978
ORD0095458,14.8,0.000268
ORD0095459,44.8,0.000541
ORD0095460,16.6,0.335117
ORD0095461,13.2,0.419884
ORD0095462,19.3,0.060112
ORD0095463,20.4,0.082762
ORD0095464,17.2,0.006006
ORD0095465,17.8,0.017174
ORD0095466,10.3,0.000729
ORD0095467,15.9,0.783096
ORD0095468,32.9,0.004338
ORD0095469,59.2,0.004231
ORD0095470,12.4,0.620668
ORD0095471,18.1,0.929626
ORD0095472,17.8,0.972653
ORD0095473,14.4,0.993517
ORD0095474,13.3,5.7e-05
ORD0095475,11.4,9.1e-05
ORD0095476,11.5,2.1e-05
ORD0095477,11.7,1.6e-05
ORD0095478,10.7,0.000257
ORD0095479,8.0,2.1e-05
ORD0095480,10.8,0.003714
ORD0095481,10.6,0.000273
ORD0095482,11.2,0.052297
ORD0095483,11.4,0.368005
ORD0095484,10.0,0.002428
ORD0095485,9.8,2.8e-05
ORD0095486,10.3,2.6e-05
ORD0095487,15.9,0.00051
ORD0095488,15.9,0.001181
ORD0095489,25.4,0.00031
ORD0095490,29.7,0.00055
ORD0095491,8.5,0.006162
ORD0095492,8.6,0.021129
ORD0095493,18.0,0.113833
ORD0095494,22.7,0.00982
ORD0095495,18.6,0.040647
ORD0095496,20.3,0.331796
ORD0095497,21.8,0.791803
ORD0095498,26.9,0.847225
ORD0095499,15.8,0.00019
ORD0095500,22.1,0.998386
ORD0095501,16.6,0.003124
ORD0095502,16.4,0.013497
ORD0095503,23.5,0.960549
ORD0095504,15.9,0.086607
ORD0095505,12.9,0.664637
ORD0095506,17.4,0.996431
ORD0095507,25.8,0.999678
ORD0095508,17.9,0.184152
ORD0095509,18.9,0.821372
ORD0095510,13.6,0.113602
ORD0095511,12.5,0.359542
ORD0095512,11.4,0.352042
ORD0095513,22.7,0.606917
ORD0095514,18.5,0.210676
ORD0095515,14.6,0.958241
ORD0095516,19.6,0.066461
ORD0095517,15.4,0.274478
ORD0095518,20.7,0.751389
ORD0095519,17.4,0.956313
ORD0095520,60.4,0.990223
ORD0095521,56.1,0.999771
ORD0095522,28.6,0.999749
ORD0095523,28.0,0.999986
ORD0095524,10.0,9.8e-05
ORD0095525,11.2,0.007669
ORD0095526,9.6,0.000487
ORD0095527,14.9,0.00097
ORD0095528,14.0,7.2e-05
ORD0095529,12.1,0.065201
ORD0095530,14.1,0.721817
ORD0095531,18.2,0.036192
ORD0095532,11.8,4.8e-05
ORD0095533,23.4,0.483456
ORD0095534,29.2,0.943379
ORD0095535,28.5,0.943661
ORD0095536,27.4,0.999936
ORD0095537,12.2,0.000399
ORD0095538,11.7,0.007237
ORD0095540,23.4,0.001768
ORD0095541,19.1,3e-06
ORD0095542,20.7,0.851257
ORD0095543,16.7,0.994976
ORD0095544,13.6,0.842038
ORD0095545,16.5,0.006008
ORD0095546,14.1,0.00508
ORD0095547,24.3,0.999821
ORD0095548,20.7,0.99961
ORD0095549,15.6,1.3e-05
ORD0095550,13.9,0.000277
ORD0095551,10.6,0.000504
ORD0095552,25.1,3.8e-05
ORD0095553,19.5,2e-05
ORD0095554,12.3,0.00792
ORD0095555,11.6,7e-06
ORD0095556,14.1,0.16228
ORD0095557,15.3,3.9e-05
ORD0095558,25.7,0.895869
ORD0095559,17.1,0.100841
ORD0095560,14.4,0.002131
ORD0095561,33.1,0.011603
ORD0095562,35.0,5e-06
ORD0095563,13.8,0.796185
ORD0095564,11.5,0.008823
ORD0095565,17.0,0.000489
ORD0095566,13.7,0.000104
ORD0095567,94.0,3.5e-05
ORD0095568,32.0,0.009197
ORD0095569,24.9,0.009522
ORD0095570,16.9,4.2e-05
ORD0095571,13.3,0.000182
ORD0095572,30.0,0.138288
ORD0095573,20.1,0.000405
ORD0095574,14.2,0.933745
ORD0095575,10.6,0.07991
ORD0095576,22.7,0.994728
ORD0095577,20.2,0.598119
ORD0095578,10.0,0.006419
ORD0095579,8.8,0.002227
ORD0095580,15.3,0.291797
ORD0095581,17.1,0.737907
ORD0095582,29.6,0.003644
ORD0095583,26.9,0.000819
ORD0095584,20.2,0.97521
ORD0095585,22.4,0.017147
ORD0095586,16.3,0.277295
ORD0095587,16.2,0.004449
ORD0095588,30.4,0.003175
ORD0095589,21.0,0.001132
ORD0095590,13.7,0.015519
ORD0095591,13.3,0.006744
ORD0095592,14.6,0.00124
ORD0095593,12.3,0.000851
ORD0095594,13.6,0.088567
ORD0095595,12.2,0.135865
ORD0095596,14.4,0.265637
ORD0095597,19.3,0.942114
ORD0095598,16.5,0.044332
ORD0095599,14.9,0.025234
ORD0095600,12.9,0.541476
ORD0095601,10.7,0.844572
ORD0095602,15.7,0.878062
ORD0095603,15.0,0.991561
ORD0095604,28.0,0.003417
ORD0095605,7.7,0.030618
ORD0095606,15.3,0.322983
ORD0095607,12.2,0.101275
ORD0095608,11.6,0.790453
ORD0095609,10.7,0.547824
ORD0095610,11.9,0.001341
ORD0095611,12.1,0.000686
ORD0095612,11.7,9.9e-05
ORD0095613,11.2,3.1e-05
ORD0095614,10.9,0.016474
ORD0095615,10.4,0.005725
ORD0095616,8.4,0.000243
ORD0095617,8.3,4.6e-05
ORD0095618,10.7,0.104279
ORD0095619,10.9,0.87794
ORD0095620,10.8,0.09707
ORD0095621,13.0,0.996627
ORD0095622,12.9,0.997468
ORD0095623,11.3,0.00016
ORD0095624,15.8,0.763137
ORD0095625,25.5,0.458722
ORD0095626,14.4,0.997309
ORD0095627,11.5,0.000146
ORD0095628,16.3,0.999921
ORD0095629,11.7,0.00035
ORD0095630,19.5,0.006988
ORD0095631,18.4,0.000294
ORD0095632,20.3,0.374544
ORD0095633,18.4,0.000135
ORD0095634,21.8,0.94208
ORD0095635,20.1,0.031076
ORD0095636,12.6,7.3e-05
ORD0095637,11.5,1e-06
ORD0095638,19.5,0.999526
ORD0095639,15.4,0.553032
ORD0095640,15.8,0.002602
ORD0095641,15.0,1e-05
ORD0095642,22.9,6.1e-05
ORD0095643,20.7,0.469421
ORD0095644,18.2,0.604904
ORD0095645,9.1,0.080546
ORD0095646,8.9,0.118075
ORD0095647,14.7,0.72526
ORD0095648,12.5,0.92045
ORD0095649,26.4,0.970445
ORD0095650,16.1,0.138116
ORD0095651,13.7,0.271529
ORD0095652,24.3,0.01056
ORD0095653,15.9,0.2563
ORD0095654,12.3,0.741751
ORD0095655,15.2,0.56273
ORD0095656,23.9,0.514749
ORD0095657,18.7,0.348301
ORD0095658,19.5,0.89052
ORD0095659,18.6,0.026444
ORD0095660,18.7,0.302597
ORD0095661,16.4,0.007537
ORD0095662,54.5,0.771989
ORD0095663,39.6,0.109069
ORD0095664,24.5,0.971473
ORD0095665,9.1,1e-06
ORD0095666,8.4,3e-05
ORD0095667,12.9,1.1e-05
ORD0095668,14.4,0.000177
ORD0095669,15.2,0.012185
ORD0095670,22.5,0.094479
ORD0095671,17.4,0.007224
ORD0095672,29.8,0.895297
ORD0095673,19.8,0.105959
ORD0095674,10.5,7e-06
ORD0095675,7.1,1.9e-05
ORD0095676,10.5,3.1e-05
ORD0095677,24.4,4.8e-05
ORD0095678,18.8,7e-06
ORD0095679,22.2,0.997156
ORD0095680,15.9,0.313258
ORD0095681,13.1,0.009819
ORD0095682,13.5,0.986183
ORD0095683,14.0,0.000477
ORD0095684,20.0,0.113979
ORD0095685,27.1,0.995335
ORD0095686,12.7,0.000368
ORD0095687,12.5,4e-06
ORD0095688,11.3,0.024351
ORD0095689,19.3,0.000231
ORD0095690,18.9,6e-06
ORD0095691,11.0,0.000195
ORD0095692,16.2,0.006757
ORD0095693,13.6,0.000192
ORD0095694,21.8,0.599532
ORD0095695,20.3,0.012655
ORD0095696,16.3,0.067752
ORD0095697,15.3,0.104261
ORD0095698,32.5,1.3e-05
ORD0095699,12.5,0.511527
ORD0095700,13.8,0.788715
ORD0095701,17.0,3e-06
ORD0095702,25.4,0.003548
ORD0095703,20.8,0.000507
ORD0095704,15.9,8e-05
ORD0095705,20.0,0.110549
ORD0095706,17.4,0.026691
ORD0095707,16.3,0.000118
ORD0095708,18.9,9.2e-05
ORD0095709,14.4,0.717678
ORD0095710,10.3,0.542661
ORD0095711,19.3,0.982877
ORD0095712,19.8,0.958968
ORD0095713,8.7,0.001989
ORD0095714,28.3,9.9e-05
ORD0095715,23.8,0.000548
ORD0095716,13.3,0.057811
ORD0095717,12.4,0.003154
ORD0095718,17.7,0.40107
ORD0095719,13.8,0.015945
ORD0095720,25.0,0.000663
ORD0095721,18.9,0.811956
ORD0095722,15.5,0.148631
ORD0095723,19.7,0.005483
ORD0095724,21.6,0.001824
ORD0095725,14.8,0.04953
ORD0095726,20.0,0.001295
ORD0095727,19.0,0.00024
ORD0095728,13.2,0.005983
ORD0095729,12.1,0.000881
ORD0095730,11.3,0.00018
ORD0095731,12.1,0.029261
ORD0095732,11.7,0.000864
ORD0095733,12.2,0.217001
ORD0095734,18.3,0.030206
ORD0095735,11.8,0.005148
ORD0095736,10.9,0.687079
ORD0095737,8.7,0.146781
ORD0095738,13.1,0.964234
ORD0095739,10.0,0.773048
ORD0095740,7.1,0.047726
ORD0095741,7.9,0.186974
ORD0095742,11.8,0.367005
ORD0095743,11.3,0.591034
ORD0095744,10.7,0.74907
ORD0095745,12.0,0.911307
ORD0095746,11.1,0.000562
ORD0095747,11.1,6e-06
ORD0095748,10.7,2.1e-05
ORD0095749,11.0,0.01036
ORD0095750,9.7,0.000248
ORD0095751,8.0,1.5e-05
ORD0095752,8.1,3.8e-05
ORD0095753,9.9,0.067169
ORD0095754,10.6,0.556512
ORD0095755,12.0,0.851993
ORD0095756,9.9,0.00349
ORD0095757,10.2,7.2e-05
ORD0095758,15.4,3.9e-05
ORD0095759,20.2,2.3e-05
ORD0095760,22.4,2.7e-05
ORD0095761,9.7,0.000422
ORD0095762,11.2,8.8e-05
ORD0095763,15.1,0.00299
ORD0095764,11.8,0.00032
ORD0095765,20.5,1.3e-05
ORD0095766,17.4,1.7e-05
ORD0095767,16.0,0.000615
ORD0095768,20.1,0.009214
ORD0095769,25.4,0.002355
ORD0095770,14.9,3e-06
ORD0095771,10.4,7e-06
ORD0095772,18.6,0.241497
ORD0095773,14.8,3e-06
ORD0095774,17.7,2e-06
ORD0095775,63.2,2.2e-05
ORD0095776,26.7,1.4e-05
ORD0095777,18.9,0.982081
ORD0095778,10.4,0.55343
ORD0095779,9.9,0.806206
ORD0095780,14.7,0.998664
ORD0095781,24.1,0.999964
ORD0095782,20.3,0.867624
ORD0095783,14.2,0.890738
ORD0095784,12.5,0.098417
ORD0095785,11.7,0.363332
ORD0095786,11.9,0.247685
ORD0095787,11.8,0.620125
ORD0095788,20.2,0.468286
ORD0095789,14.3,0.765516
ORD0095790,11.4,0.480193
ORD0095791,34.8,0.102131
ORD0095792,18.0,5.1e-05
ORD0095793,15.4,3.9e-05
ORD0095794,16.3,0.000506
ORD0095795,41.6,0.028438
ORD0095796,28.8,0.000407
ORD0095797,22.1,0.500999
ORD0095798,23.6,0.006952
ORD0095799,8.0,2e-06
ORD0095800,8.9,2e-06
ORD0095801,8.3,4.6e-05
ORD0095802,7.7,4e-06
ORD0095803,13.1,7e-06
ORD0095804,11.4,0.014952
ORD0095805,11.7,0.000393
ORD0095806,17.7,0.024123
ORD0095807,20.4,0.000226
ORD0095808,21.1,0.328295
ORD0095809,8.3,2e-06
ORD0095810,7.8,2.9e-05
ORD0095811,8.8,0.003386
ORD0095812,9.4,9e-06
ORD0095813,17.4,2e-06
ORD0095814,17.4,2e-06
ORD0095815,19.1,0.970825
ORD0095816,17.3,0.841345
ORD0095817,15.6,0.99937
ORD0095818,12.6,0.729821
ORD0095819,15.3,2.8e-05
ORD0095820,18.2,0.494022
ORD0095821,87.0,0.003766
ORD0095822,35.7,1e-05
ORD0095823,13.3,0.189715
ORD0095824,11.4,4.6e-05
ORD0095825,13.3,0.978043
ORD0095826,10.2,0.000243
ORD0095827,19.8,2e-06
ORD0095828,15.1,1e-06
ORD0095829,8.7,0.000647
ORD0095830,8.6,0.002722
ORD0095831,12.2,0.006007
ORD0095832,12.6,0.088175
ORD0095833,18.8,0.081143
ORD0095834,18.7,0.778763
ORD0095835,14.8,0.585784
ORD0095836,12.4,0.957034
ORD0095837,20.6,5.1e-05
ORD0095838,22.3,8e-06
ORD0095839,11.2,0.986694
ORD0095840,14.4,9e-06
ORD0095841,13.3,1e-06
ORD0095842,23.0,0.03193
ORD0095843,17.9,0.024344
ORD0095844,11.5,5e-05
ORD0095845,10.9,7.3e-05
ORD0095846,26.3,0.550216
ORD0095847,18.4,0.488259
ORD0095848,15.8,0.000598
ORD0095849,17.4,0.000484
ORD0095850,12.3,0.967352
ORD0095851,10.6,0.940637
ORD0095852,18.8,0.997256
ORD0095853,17.9,0.99456
ORD0095854,9.1,0.04214
ORD0095855,8.0,0.012501
ORD0095856,13.3,0.009096
ORD0095857,13.6,0.004707
ORD0095858,13.8,0.029241
ORD0095859,12.7,0.015203
ORD0095860,21.9,0.000147
ORD0095861,21.5,0.000503
ORD0095862,15.8,0.178526
ORD0095863,14.0,0.000653
ORD0095864,14.4,0.004556
ORD0095865,11.9,0.001567
ORD0095866,20.0,0.002633
ORD0095867,18.1,0.000108
ORD0095868,11.5,0.015954
ORD0095869,11.2,0.000485
ORD0095870,12.9,0.001995
ORD0095871,11.3,0.000165
ORD0095872,11.1,0.060016
ORD0095873,9.1,0.002294
ORD0095874,22.9,0.00038
ORD0095875,9.8,0.035768
ORD0095876,10.9,0.053055
ORD0095877,15.6,0.00442
ORD0095878,14.6,0.015576
ORD0095879,10.7,0.000264
ORD0095880,11.6,0.002624
ORD0095881,9.0,0.279893
ORD0095882,9.9,0.270153
ORD0095883,13.3,0.821126
ORD0095884,9.8,0.90072
ORD0095885,5.8,0.000477
ORD0095886,5.8,0.002511
ORD0095887,10.3,0.005501
ORD0095888,9.0,0.03595
ORD0095889,9.1,0.0267
ORD0095890,9.2,5.2e-05
ORD0095891,8.8,3e-06
ORD0095892,7.9,0.000542
ORD0095893,7.9,4.9e-05
ORD0095894,5.8,6e-06
ORD0095895,5.6,7e-06
ORD0095896,8.2,0.003111
ORD0095897,8.3,0.000895
ORD0095898,7.9,0.033534
ORD0095899,8.3,0.015083
ORD0095900,10.1,0.216598
ORD0095901,8.1,1.7e-05
ORD0095902,8.5,1.3e-05
ORD0095903,14.2,2.6e-05
ORD0095904,12.3,0.000309
ORD0095905,19.9,1.4e-05
ORD0095906,22.1,0.000195
ORD0095907,6.3,0.000123
ORD0095908,7.8,0.00785
ORD0095909,10.5,0.000884
ORD0095910,16.1,0.000156
ORD0095911,13.9,0.005749
ORD0095912,15.1,5e-06
ORD0095913,16.3,0.09155
ORD0095914,17.0,5.8e-05
ORD0095915,9.8,5e-06
ORD0095916,8.7,3e-06
ORD0095917,13.4,0.647272
ORD0095918,11.4,0.003218
ORD0095919,13.4,1.8e-05
ORD0095920,15.1,0.213879
ORD0095921,14.7,0.323718
ORD0095922,7.1,0.049526
ORD0095923,6.7,0.065369
ORD0095924,10.3,0.470037
ORD0095925,8.0,0.622832
ORD0095926,20.5,0.841635
ORD0095927,18.9,0.897838
ORD0095928,13.2,0.089495
ORD0095929,10.0,0.105691
ORD0095930,13.7,0.164434
ORD0095931,10.0,0.403902
ORD0095932,17.2,0.260956
ORD0095933,14.9,0.487005
ORD0095934,11.5,0.589346
ORD0095935,10.2,0.750837
ORD0095936,12.0,1.3e-05
ORD0095937,11.9,0.009053
ORD0095938,11.3,2.1e-05
ORD0095939,28.8,0.001798
ORD0095940,15.0,0.008437
ORD0095941,8.8,0.000725
ORD0095942,9.6,1e-06
ORD0095943,9.1,0.073707
ORD0095944,13.6,0.041258
ORD0095945,12.1,1e-06
ORD0095946,11.5,1.2e-05
ORD0095947,9.9,0.000138
ORD0095948,14.7,0.003298
ORD0095949,13.1,3e-06
ORD0095950,23.5,0.031936
ORD0095951,28.0,0.683714
ORD0095952,17.0,0.004042
ORD0095953,9.6,2e-06
ORD0095954,9.0,3e-06
ORD0095955,20.8,3.5e-05
ORD0095956,22.9,0.988902
ORD0095957,15.1,0.006072
ORD0095958,12.1,0.000509
ORD0095959,12.6,0.083537
ORD0095960,15.9,0.00034
ORD0095961,12.3,2e-06
ORD0095962,15.4,0.008401
ORD0095963,23.1,0.994186
ORD0095964,11.9,4e-06
ORD0095965,12.0,2e-06
ORD0095966,12.1,4e-05
ORD0095967,20.0,7e-06
ORD0095968,10.0,0.005422
ORD0095969,8.1,1e-05
ORD0095970,14.3,0.03722
ORD0095971,22.0,0.330016
ORD0095972,17.0,0.959827
ORD0095973,13.7,0.000349
ORD0095974,25.0,0.000619
ORD0095975,26.5,3e-06
ORD0095976,8.8,0.000857
ORD0095977,9.4,0.003018
ORD0095978,13.4,3.7e-05
ORD0095979,70.7,6e-05
ORD0095980,64.1,0.000154
ORD0095981,24.6,1.4e-05
ORD0095982,20.0,0.01196
ORD0095983,23.4,5e-05
ORD0095984,13.5,0.00017
ORD0095985,12.5,3.9e-05
ORD0095986,23.5,0.17388
ORD0095987,20.5,0.001444
ORD0095988,17.4,0.000515
ORD0095989,11.6,0.787689
ORD0095990,18.4,0.987496
ORD0095991,8.9,0.011572
ORD0095992,56.4,5.2e-05
ORD0095993,11.3,0.059584
ORD0095994,12.7,0.035149
ORD0095995,16.5,0.344773
ORD0095996,14.1,0.131279
ORD0095997,26.1,0.001044
ORD0095998,26.2,0.000896
ORD0095999,16.8,0.700857
ORD0096000,17.7,0.4775
ORD0096001,17.7,0.007288
ORD0096002,20.1,0.002268
ORD0096003,17.7,0.072849
ORD0096004,13.7,0.015672
ORD0096005,22.4,0.000722
ORD0096006,14.6,0.004156
ORD0096007,12.1,0.000872
ORD0096008,10.1,0.015945
ORD0096009,9.4,0.01028
ORD0096010,15.8,0.001369
ORD0096011,13.5,0.9307
ORD0096012,11.2,0.000434
ORD0096013,9.0,0.063779
ORD0096014,7.2,0.002837
ORD0096015,10.7,0.240367
ORD0096016,9.0,0.016615
ORD0096017,7.5,0.000763
ORD0096018,7.1,0.004481
ORD0096019,11.1,0.008387
ORD0096020,9.3,0.049103
ORD0096021,8.8,0.028585
ORD0096022,11.5,0.002842
ORD0096023,11.2,2.3e-05
ORD0096024,11.2,6e-05
ORD0096025,9.9,0.075662
ORD0096026,7.5,0.000101
ORD0096027,10.4,0.315194
ORD0096028,10.5,3e-05
ORD0096029,10.5,0.948848
ORD0096030,9.0,0.000203
ORD0096031,12.7,0.989643
ORD0096032,9.9,0.001411
ORD0096033,9.9,0.000744
ORD0096034,10.2,2.3e-05
ORD0096035,14.9,0.000231
ORD0096036,15.9,0.886302
ORD0096037,21.3,0.000116
ORD0096038,32.0,0.533222
ORD0096039,9.9,0.004144
ORD0096040,12.2,0.018022
ORD0096041,16.2,0.999122
ORD0096042,20.3,6.4e-05
ORD0096043,16.5,0.001615
ORD0096044,15.9,0.001782
ORD0096045,23.2,0.023023
ORD0096046,10.4,3e-06
ORD0096047,10.1,2.1e-05
ORD0096048,19.1,0.486296
ORD0096049,16.4,0.085331
ORD0096050,15.4,1.3e-05
ORD0096051,15.5,0.000228
ORD0096052,19.6,0.34202
ORD0096053,17.7,0.077081
ORD0096054,9.4,0.059461
ORD0096055,9.3,0.040348
ORD0096056,11.2,0.687457
ORD0096057,11.9,0.267066
ORD0096058,22.4,0.950259
ORD0096059,21.4,0.57304
ORD0096060,12.5,0.143779
ORD0096061,12.3,0.133191
ORD0096062,11.3,0.183804
ORD0096063,12.0,0.316516
ORD0096064,12.6,0.294711
ORD0096065,22.7,0.120697
ORD0096066,20.5,0.270381
ORD0096067,12.1,0.300263
ORD0096068,11.3,0.346392
ORD0096069,16.9,2.9e-05
ORD0096070,13.0,7.7e-05
ORD0096071,16.0,0.000211
ORD0096072,12.3,0.000539
ORD0096073,32.1,0.005914
ORD0096074,20.7,0.048907
ORD0096075,19.8,0.026679
ORD0096076,31.9,7.5e-05
ORD0096077,11.0,2e-06
ORD0096078,12.3,0.056614
ORD0096079,10.6,3.6e-05
ORD0096080,12.8,0.930848
ORD0096081,15.3,1e-05
ORD0096082,18.3,0.947848
ORD0096083,13.6,3e-06
ORD0096084,12.3,0.007917
ORD0096085,16.7,0.001582
ORD0096086,13.9,0.000267
ORD0096087,24.5,0.010544
ORD0096088,27.7,0.279875
ORD0096089,31.9,0.179091
ORD0096090,12.2,5e-06
ORD0096091,10.5,7e-06
ORD0096092,11.8,4e-06
ORD0096093,11.4,0.002042
ORD0096094,23.6,9e-06
ORD0096095,24.5,6e-06
ORD0096096,19.2,2e-05
ORD0096097,21.6,0.931885
ORD0096098,14.8,0.000234
ORD0096099,20.1,0.000118
ORD0096100,15.5,2.2e-05
ORD0096101,19.1,0.002464
ORD0096102,25.4,0.999086
ORD0096103,73.3,0.003996
ORD0096104,60.4,0.002775
ORD0096105,64.3,0.000415
ORD0096106,70.4,0.002091
ORD0096107,30.5,2.8e-05
ORD0096108,67.8,2.9e-05
ORD0096109,14.8,8e-06
ORD0096110,14.4,0.000265
ORD0096111,12.8,0.000117
ORD0096112,12.2,0.007643
ORD0096113,24.1,1.1e-05
ORD0096114,19.3,1.3e-05
ORD0096115,13.2,0.000513
ORD0096116,16.1,0.017607
ORD0096117,25.7,0.243504
ORD0096118,24.1,0.103812
ORD0096119,19.7,0.944463
ORD0096120,29.7,6.1e-05
ORD0096121,15.7,0.997622
ORD0096122,17.1,0.903512
ORD0096123,14.6,3e-06
ORD0096124,18.2,6.3e-05
ORD0096125,30.1,0.042163
ORD0096126,14.9,9.6e-05
ORD0096127,16.0,0.000206
ORD0096128,27.5,0.7504
ORD0096129,23.4,0.21528
ORD0096130,21.9,0.000848
ORD0096131,19.4,0.005167
ORD0096132,16.9,0.987452
ORD0096133,24.7,0.999501
ORD0096134,21.0,0.904063
ORD0096135,11.8,0.026215
ORD0096136,11.1,0.123951
ORD0096137,13.9,0.032602
ORD0096138,16.1,0.045946
ORD0096139,18.4,0.154112
ORD0096140,16.7,0.288175
ORD0096141,30.7,0.000294
ORD0096142,26.9,0.000726
ORD0096143,19.4,0.575724
ORD0096144,21.0,0.805215
ORD0096145,24.5,0.002575
ORD0096146,21.8,0.00347
ORD0096147,17.3,0.01433
ORD0096148,16.8,0.049391
ORD0096149,27.0,0.096427
ORD0096150,28.7,0.066875
ORD0096151,16.2,0.327696
ORD0096152,17.9,0.252362
ORD0096153,18.8,0.045678
ORD0096154,15.7,0.039343
ORD0096155,15.5,0.797491
ORD0096156,13.7,0.612762
ORD0096157,12.6,0.041207
ORD0096158,18.6,0.620984
ORD0096159,20.8,0.014212
ORD0096160,21.1,0.184676
ORD0096161,15.0,0.105096
ORD0096162,13.7,0.077308
ORD0096163,11.5,0.272588
ORD0096164,14.0,0.722284
ORD0096165,8.9,0.00376
ORD0096166,10.2,0.085932
ORD0096167,15.4,0.055152
ORD0096168,15.0,0.712832
ORD0096169,11.6,0.31336
ORD0096170,13.4,0.000761
ORD0096171,12.5,2.6e-05
ORD0096172,12.8,1.2e-05
ORD0096173,12.2,5e-06
ORD0096174,10.6,0.006389
ORD0096175,11.8,0.000128
ORD0096176,8.7,2.8e-05
ORD0096177,9.0,9e-06
ORD0096178,11.8,0.075425
ORD0096179,11.2,0.000658
ORD0096180,11.8,0.450236
ORD0096181,10.2,0.006129
ORD0096182,12.9,0.905963
ORD0096183,11.6,0.033159
ORD0096184,10.5,9.5e-05
ORD0096185,19.2,6.9e-05
ORD0096186,16.9,0.000327
ORD0096187,26.0,3.3e-05
ORD0096188,9.9,0.000532
ORD0096189,16.8,0.00468
ORD0096190,12.6,0.002885
ORD0096191,23.7,4.9e-05
ORD0096192,60.2,0.013679
ORD0096193,51.7,0.950253
ORD0096194,58.5,0.000262
ORD0096195,60.5,7.8e-05
ORD0096196,79.6,0.000106
ORD0096197,21.8,0.000149
ORD0096198,20.4,7.9e-05
ORD0096199,20.5,0.006401
ORD0096200,22.2,0.007608
ORD0096201,25.5,0.063362
ORD0096202,14.1,5e-06
ORD0096203,19.6,0.750609
ORD0096204,17.9,0.276687
ORD0096205,19.0,2.7e-05
ORD0096206,22.3,0.217648
ORD0096207,11.1,0.021788
ORD0096208,13.4,0.447493
ORD0096209,11.7,0.112416
ORD0096210,28.3,0.840369
ORD0096211,21.2,0.368611
ORD0096212,15.8,0.07158
ORD0096213,14.8,0.041072
ORD0096214,13.6,0.246575
ORD0096215,13.2,0.12904
ORD0096216,13.8,0.58664
ORD0096217,11.9,0.172926
ORD0096218,28.7,0.261826
ORD0096219,14.2,0.494522
ORD0096220,12.0,0.313344
ORD0096221,18.2,3.9e-05
ORD0096222,16.1,0.000743
ORD0096223,15.4,1.6e-05
ORD0096224,40.4,0.014004
ORD0096225,41.1,4.7e-05
ORD0096226,28.6,0.264665
ORD0096227,25.3,0.001624
ORD0096228,11.1,0.000835
ORD0096229,10.9,3e-06
ORD0096230,12.4,0.078933
ORD0096231,10.3,0.000116
ORD0096232,16.8,0.052728
ORD0096233,15.2,2.1e-05
ORD0096234,15.3,0.000302
ORD0096235,13.0,0.00613
ORD0096236,17.6,0.001455
ORD0096237,16.9,0.000104
ORD0096238,23.8,0.013963
ORD0096239,35.5,0.361351
ORD0096240,29.1,0.141263
ORD0096241,14.1,2.2e-05
ORD0096242,9.8,5e-06
ORD0096243,12.6,5.4e-05
ORD0096244,11.2,0.001021
ORD0096245,25.6,9e-06
ORD0096246,21.3,0.016505
ORD0096247,22.1,0.967514
ORD0096248,20.9,0.000127
ORD0096249,16.8,1.1e-05
ORD0096250,23.0,0.121795
ORD0096251,98.2,0.094468
ORD0096252,68.4,0.001531
ORD0096253,53.2,0.000267
ORD0096254,18.3,0.000749
ORD0096255,15.9,0.010072
ORD0096256,12.2,0.000135
ORD0096257,26.6,0.000122
ORD0096258,12.5,0.019872
ORD0096259,11.0,0.003447
ORD0096260,19.1,0.340486
ORD0096261,16.2,0.030495
ORD0096262,24.9,0.318737
ORD0096263,34.7,0.466076
ORD0096264,26.5,0.981156
ORD0096265,37.8,0.002025
ORD0096266,41.2,1.6e-05
ORD0096267,16.3,0.999078
ORD0096268,17.4,0.000127
ORD0096269,17.8,5e-06
ORD0096270,33.7,0.054333
ORD0096271,17.9,9.4e-05
ORD0096272,37.0,0.803447
ORD0096273,22.0,0.000559
ORD0096274,20.6,0.000113
ORD0096275,19.4,0.992669
ORD0096276,12.8,0.011566
ORD0096277,24.7,0.999752
ORD0096278,13.9,0.027805
ORD0096279,12.4,0.002894
ORD0096280,15.5,0.009733
ORD0096281,17.9,0.047593
ORD0096282,35.9,0.000124
ORD0096283,19.2,0.198507
ORD0096284,18.2,0.001149
ORD0096285,22.3,0.00085
ORD0096286,35.6,0.000535
ORD0096287,19.8,0.003033
ORD0096288,51.5,0.004562
ORD0096289,44.8,0.000212
ORD0096290,36.1,0.913002
ORD0096291,19.5,0.982962
ORD0096292,20.5,0.199163
ORD0096293,23.4,0.787892
ORD0096294,19.8,0.998202
ORD0096295,16.0,0.323124
ORD0096296,49.5,0.086041
ORD0096297,29.8,0.046068
ORD0096298,12.1,0.009424
ORD0096299,18.1,0.484134
ORD0096300,18.3,0.00016
ORD0096301,20.9,0.062313
ORD0096302,16.9,0.002098
ORD0096303,16.1,0.009468
ORD0096304,12.0,0.122354
ORD0096305,17.0,0.440911
ORD0096306,24.2,0.000896
ORD0096307,46.3,0.000994
ORD0096308,33.3,0.00089
ORD0096309,10.3,0.006021
ORD0096310,16.5,0.072291
ORD0096311,15.9,0.074127
ORD0096312,12.6,0.307162
ORD0096313,10.6,5.5e-05
ORD0096314,11.2,0.026426
ORD0096315,10.8,7e-06
ORD0096316,10.7,0.000882
ORD0096317,9.6,0.000341
ORD0096318,7.7,1.1e-05
ORD0096319,10.1,0.003197
ORD0096320,10.7,0.355263
ORD0096321,9.5,0.030168
ORD0096322,12.4,0.282966
ORD0096323,11.1,0.94956
ORD0096324,9.4,0.022883
ORD0096325,10.3,0.00388
ORD0096326,16.0,0.002602
ORD0096327,15.9,8.7e-05
ORD0096328,23.8,0.000736
ORD0096329,24.8,3.5e-05
ORD0096330,10.8,0.056132
ORD0096331,9.7,0.00122
ORD0096332,17.9,0.622861
ORD0096333,19.5,0.04076
ORD0096334,17.9,0.002553
ORD0096335,26.2,0.613184
ORD0096336,25.1,0.951437
ORD0096337,21.8,0.054359
ORD0096338,13.2,0.000452
ORD0096339,18.0,0.999549
ORD0096340,15.3,0.010265
ORD0096341,16.9,0.000362
ORD0096342,19.8,0.611777
ORD0096343,16.7,0.013649
ORD0096344,9.1,0.106821
ORD0096345,14.9,0.928071
ORD0096346,22.7,0.993928
ORD0096347,22.1,0.025855
ORD0096348,15.7,0.2155
ORD0096349,13.6,0.210239
ORD0096350,14.0,0.420276
ORD0096351,11.5,0.302551
ORD0096352,20.8,0.338838
ORD0096353,17.7,0.150879
ORD0096354,14.6,0.658289
ORD0096355,86.1,0.184836
ORD0096356,19.0,0.011264
ORD0096357,13.0,0.006201
ORD0096358,15.0,0.182957
ORD0096359,14.4,0.104896
ORD0096360,48.1,0.97662
ORD0096361,65.3,0.876041
ORD0096362,27.3,0.997982
ORD0096363,27.4,0.985054
ORD0096364,11.1,0.811547
ORD0096365,13.0,0.999717
ORD0096366,9.9,0.007661
ORD0096367,18.5,0.998744
ORD0096368,13.3,0.002
ORD0096369,14.8,0.038715
ORD0096371,18.2,0.152588
ORD0096373,25.2,0.874622
ORD0096374,16.3,0.000542
ORD0096375,39.0,0.993579
ORD0096376,26.1,0.035331
ORD0096377,11.9,0.00056
ORD0096378,13.8,0.006228
ORD0096380,25.0,0.001091
ORD0096382,25.2,0.732621
ORD0096383,16.6,0.97586
ORD0096385,16.7,0.022217
ORD0096386,14.9,1.1e-05
ORD0096387,21.7,0.999004
ORD0096389,12.7,4e-06
ORD0096390,11.2,6.7e-05
ORD0096391,10.1,0.000127
ORD0096392,20.5,3e-06
ORD0096393,20.9,3.6e-05
ORD0096394,12.1,0.000277
ORD0096395,12.8,0.068578
ORD0096396,16.7,0.002214
ORD0096397,16.1,0.004331
ORD0096398,20.3,0.007095
ORD0096399,16.1,0.130477
ORD0096400,27.0,0.921015
ORD0096401,32.8,2.4e-05
ORD0096402,43.7,0.005438
ORD0096403,13.6,0.581874
ORD0096404,11.3,0.060353
ORD0096405,13.9,7e-06
ORD0096406,15.5,0.000394
ORD0096407,68.6,3.6e-05
ORD0096408,27.1,0.392434
ORD0096409,26.9,0.912862
ORD0096410,15.2,0.004256
ORD0096411,15.0,0.043497
ORD0096412,33.2,0.951261
ORD0096413,20.0,0.041525
ORD0096414,15.9,0.999514
ORD0096415,12.4,0.998795
ORD0096416,21.2,0.999978
ORD0096417,24.9,0.999927
ORD0096418,10.2,0.314481
ORD0096419,9.9,0.673188
ORD0096420,14.2,0.374549
ORD0096421,18.0,0.87467
ORD0096422,30.4,0.002427
ORD0096423,27.0,0.009541
ORD0096424,19.4,0.989184
ORD0096425,20.0,0.022559
ORD0096426,17.7,0.342278
ORD0096427,17.0,0.089375
ORD0096428,22.9,0.005467
ORD0096429,29.5,0.966447
ORD0096430,16.6,0.033842
ORD0096431,17.1,0.988612
ORD0096432,17.0,0.001878
ORD0096433,15.2,0.756973
ORD0096434,14.7,0.21882
ORD0096435,12.4,0.211651
ORD0096436,10.9,0.001032
ORD0096437,19.7,0.033922
ORD0096438,21.1,0.000247
ORD0096439,15.0,0.003678
ORD0096440,9.4,0.000215
ORD0096441,9.9,0.013296
ORD0096442,12.0,0.590246
ORD0096443,11.1,0.091072
ORD0096444,34.4,0.000784
ORD0096445,7.6,0.002163
ORD0096446,13.6,0.029186
ORD0096447,16.9,0.445761
ORD0096448,10.6,0.192929
ORD0096449,13.9,0.986577
ORD0096450,13.8,9.7e-05
ORD0096451,12.2,0.094192
ORD0096452,11.8,0.000942
ORD0096453,11.5,0.000177
ORD0096454,11.5,0.000314
ORD0096455,12.1,0.693524
ORD0096456,8.2,8.4e-05
ORD0096457,7.9,0.00049
ORD0096458,10.3,0.002214
ORD0096459,10.8,0.017101
ORD0096460,11.5,0.97657
ORD0096461,11.0,0.169891
ORD0096462,10.2,0.004266
ORD0096463,10.9,0.009657
ORD0096464,18.3,0.003535
ORD0096465,24.3,0.000969
ORD0096466,10.6,0.051463
ORD0096467,13.7,0.992296
ORD0096468,20.3,0.552557
ORD0096469,16.3,0.999871
ORD0096470,19.9,0.010463
ORD0096471,20.3,0.076172
ORD0096472,19.6,0.285839
ORD0096473,23.0,0.605791
ORD0096474,24.2,0.790934
ORD0096475,25.1,0.984701
ORD0096476,15.6,0.000197
ORD0096477,12.2,0.000641
ORD0096478,23.6,0.997487
ORD0096479,23.3,0.999769
ORD0096480,15.6,0.002819
ORD0096481,17.3,0.009067
ORD0096482,25.7,0.000307
ORD0096483,19.3,0.363965
ORD0096484,17.6,0.543791
ORD0096485,10.3,0.069162
ORD0096486,8.7,0.086629
ORD0096487,15.3,0.858501
ORD0096488,14.0,0.925612
ORD0096489,28.1,0.98504
ORD0096490,14.9,0.185256
ORD0096491,13.6,0.211482
ORD0096492,24.4,0.008252
ORD0096493,13.8,0.259788
ORD0096494,13.2,0.862797
ORD0096495,14.7,0.614909
ORD0096496,28.2,0.314036
ORD0096497,21.9,0.510031
ORD0096498,15.7,0.603633
ORD0096499,17.1,0.000166
ORD0096500,20.8,0.000811
ORD0096501,14.3,5.1e-05
ORD0096502,53.8,0.072867
ORD0096503,37.9,0.000342
ORD0096504,23.9,0.745565
ORD0096505,8.9,3.6e-05
ORD0096506,9.2,0.00462
ORD0096507,13.0,0.002957
ORD0096508,13.1,6.4e-05
ORD0096509,13.3,0.000172
ORD0096510,20.0,0.002796
ORD0096511,17.4,3.7e-05
ORD0096512,32.9,0.0769
ORD0096513,21.0,0.263281
ORD0096514,10.7,4e-06
ORD0096515,11.0,1.2e-05
ORD0096516,9.6,1e-05
ORD0096517,21.4,5e-06
ORD0096518,23.8,0.000576
ORD0096519,18.1,0.00542
ORD0096520,25.2,0.992264
ORD0096521,13.2,0.040397
ORD0096522,18.2,0.999875
ORD0096523,16.3,3.2e-05
ORD0096524,16.9,0.419002
ORD0096525,24.7,0.898501
ORD0096526,14.8,6e-06
ORD0096527,13.5,4e-06
ORD0096528,12.5,0.000202
ORD0096529,20.7,6e-06
ORD0096530,17.0,5e-06
ORD0096531,10.7,0.00015
ORD0096532,13.9,0.006339
ORD0096533,13.5,0.000101
ORD0096534,18.3,0.012425
ORD0096535,19.9,0.004918
ORD0096536,15.9,0.177651
ORD0096537,15.0,0.058518
ORD0096538,27.3,2.5e-05
ORD0096539,11.1,0.680042
ORD0096540,11.5,0.365894
ORD0096541,14.4,3e-06
ORD0096542,27.4,0.005653
ORD0096543,19.1,0.00207
ORD0096544,14.4,5.1e-05
ORD0096545,30.8,0.141247
ORD0096546,17.8,0.205471
ORD0096547,16.8,8.9e-05
ORD0096548,19.4,0.00104
ORD0096549,14.9,0.759465
ORD0096550,11.7,0.946642
ORD0096551,18.2,0.992892
ORD0096552,18.9,0.998218
ORD0096553,9.4,0.005026
ORD0096554,22.9,4.7e-05
ORD0096555,23.7,0.000423
ORD0096556,14.7,0.019973
ORD0096557,11.5,0.000848
ORD0096558,14.7,0.057169
ORD0096559,12.6,0.00495
ORD0096560,24.1,0.000183
ORD0096561,15.8,0.246517
ORD0096562,15.5,0.056524
ORD0096563,22.0,0.001032
ORD0096564,17.5,0.000957
ORD0096565,15.7,0.006369
ORD0096566,18.7,0.074659
ORD0096567,19.2,0.002005
ORD0096568,13.8,0.403567
ORD0096569,13.5,0.030867
ORD0096570,11.9,0.000893
ORD0096571,14.4,0.879869
ORD0096572,10.7,0.006756
ORD0096573,11.2,0.056489
ORD0096574,15.7,0.007186
ORD0096575,13.3,0.365724
ORD0096576,11.9,0.478346
ORD0096577,7.3,0.000381
ORD0096578,15.5,0.929229
ORD0096579,9.8,0.000384
ORD0096580,6.7,0.004233
ORD0096581,8.7,0.048515
ORD0096582,13.8,0.035805
ORD0096583,11.6,0.273663
ORD0096584,10.1,0.180867
ORD0096585,10.3,0.853118
ORD0096586,13.0,0.587771
ORD0096587,11.3,0.00092
ORD0096588,10.2,0.00018
ORD0096589,11.4,0.983673
ORD0096590,9.8,0.00242
ORD0096591,7.9,0.002493
ORD0096592,7.8,0.000429
ORD0096593,12.0,0.998638
ORD0096594,10.9,0.999763
ORD0096595,12.5,0.999853
ORD0096596,9.8,0.017009
ORD0096597,10.6,0.079203
ORD0096598,15.2,0.002077
ORD0096599,26.0,0.000859
ORD0096600,25.7,0.62409
ORD0096601,9.0,0.021991
ORD0096602,11.9,0.95413
ORD0096603,14.8,0.266414
ORD0096604,14.5,0.998858
ORD0096605,20.2,2.7e-05
ORD0096606,19.6,0.000135
ORD0096607,18.6,0.000764
ORD0096608,21.0,0.010095
ORD0096609,19.2,0.007638
ORD0096610,17.1,3e-06
ORD0096611,10.6,5e-06
ORD0096612,16.0,0.237742
ORD0096613,17.9,5e-06
ORD0096614,15.2,1.5e-05
ORD0096615,71.0,1.8e-05
ORD0096616,25.7,1.8e-05
ORD0096617,22.7,0.9668
ORD0096618,9.9,0.705415
ORD0096619,9.8,0.80289
ORD0096620,13.7,0.991201
ORD0096621,24.8,0.999582
ORD0096622,16.0,0.841611
ORD0096623,13.9,0.904861
ORD0096624,14.2,0.192184
ORD0096625,12.6,0.765904
ORD0096626,12.4,0.41664
ORD0096627,12.8,0.101694
ORD0096628,21.5,0.32368
ORD0096629,13.9,0.536113
ORD0096630,15.7,0.93556
ORD0096631,40.5,0.178948
ORD0096632,19.1,1.5e-05
ORD0096633,14.4,3.6e-05
ORD0096634,17.2,0.000184
ORD0096635,41.8,0.003561
ORD0096636,37.4,0.0006
ORD0096637,22.1,0.058964
ORD0096638,21.8,0.01309
ORD0096639,8.3,2e-06
ORD0096640,8.6,1e-06
ORD0096641,8.5,5.2e-05
ORD0096642,8.0,1e-06
ORD0096643,12.3,1e-05
ORD0096644,11.1,4.2e-05
ORD0096645,15.4,0.002229
ORD0096646,18.3,0.01591
ORD0096647,24.6,0.000582
ORD0096648,27.2,0.384122
ORD0096649,10.2,1e-06
ORD0096650,11.5,4e-05
ORD0096651,9.1,6e-06
ORD0096652,13.8,0.017455
ORD0096653,19.4,1e-06
ORD0096654,24.1,3e-06
ORD0096655,21.8,0.980351
ORD0096656,24.3,0.999397
ORD0096657,15.4,0.999222
ORD0096658,20.9,0.99989
ORD0096659,18.3,0.000267
ORD0096660,18.0,0.000949
ORD0096661,60.0,0.000646
ORD0096662,67.2,3.9e-05
ORD0096663,44.4,0.000107
ORD0096664,11.3,0.00353
ORD0096665,11.7,6e-06
ORD0096666,10.5,0.118444
ORD0096667,9.6,2.9e-05
ORD0096668,18.6,2e-06
ORD0096669,15.7,4e-06
ORD0096670,10.2,0.000288
ORD0096671,7.4,0.000974
ORD0096672,13.2,0.003662
ORD0096673,11.5,0.023202
ORD0096674,17.5,0.039314
ORD0096675,19.7,0.208915
ORD0096676,15.4,0.63566
ORD0096677,21.1,0.850208
ORD0096678,21.9,2.5e-05
ORD0096679,30.3,0.000118
ORD0096680,10.8,0.960942
ORD0096681,14.6,2e-06
ORD0096682,12.9,1.1e-05
ORD0096683,23.1,0.019877
ORD0096684,21.9,0.05064
ORD0096685,16.1,0.000101
ORD0096686,11.1,5.4e-05
ORD0096687,23.6,0.40471
ORD0096688,22.0,0.65999
ORD0096689,16.4,0.000526
ORD0096690,16.6,0.000629
ORD0096691,17.3,0.935147
ORD0096692,11.2,0.959659
ORD0096693,17.5,0.997729
ORD0096694,17.7,0.992962
ORD0096695,9.0,0.012234
ORD0096696,9.4,0.053201
ORD0096697,60.7,2.6e-05
ORD0096698,11.1,0.054794
ORD0096699,11.8,0.001857
ORD0096700,15.6,0.22791
ORD0096701,12.8,0.006566
ORD0096702,23.6,0.000488
ORD0096703,19.8,0.000307
ORD0096704,15.5,0.597164
ORD0096705,19.1,0.004151
ORD0096706,14.1,0.041751
ORD0096707,12.2,0.000897
ORD0096708,19.5,0.005449
ORD0096709,17.9,0.00172
ORD0096710,11.1,0.018203
ORD0096711,13.4,0.008002
ORD0096712,16.3,0.001816
ORD0096713,12.5,0.001048
ORD0096714,11.5,0.089041
ORD0096715,11.7,0.025239
ORD0096716,23.9,0.000331
ORD0096717,10.9,0.026713
ORD0096718,9.6,0.009794
ORD0096719,14.2,0.005069
ORD0096720,14.7,0.000987
ORD0096721,11.2,0.000652
ORD0096722,10.4,0.000403
ORD0096723,7.2,0.0003
ORD0096724,7.7,0.054609
ORD0096725,11.8,0.134942
ORD0096726,8.6,0.00091
ORD0096727,8.3,0.000778
ORD0096728,7.5,0.104374
ORD0096729,12.6,0.015487
ORD0096730,10.3,0.082561
ORD0096731,11.0,0.577817
ORD0096732,9.5,1.1e-05
ORD0096733,9.4,1e-06
ORD0096734,7.7,8.5e-05
ORD0096735,8.7,1.6e-05
ORD0096736,5.8,0.0
ORD0096737,6.2,3e-06
ORD0096738,8.9,0.000458
ORD0096739,7.6,0.000165
ORD0096740,7.4,0.001952
ORD0096741,7.2,0.005635
ORD0096742,9.5,0.02098
ORD0096743,8.9,3e-06
ORD0096744,8.4,2e-06
ORD0096745,12.3,4e-06
ORD0096746,11.3,0.000526
ORD0096747,18.2,3e-06
ORD0096748,21.2,0.000299
ORD0096749,7.3,3.7e-05
ORD0096750,7.1,0.019502
ORD0096751,10.6,0.000232
ORD0096752,18.1,2.3e-05
ORD0096753,16.4,0.000689
ORD0096754,14.9,5e-06
ORD0096755,17.9,0.009557
ORD0096756,14.9,3.8e-05
ORD0096757,12.1,2e-06
ORD0096758,8.7,3e-06
ORD0096759,12.9,0.095562
ORD0096760,12.7,0.002893
ORD0096761,12.6,3e-06
ORD0096762,14.6,0.209717
ORD0096763,14.1,0.186001
ORD0096764,8.0,0.041855
ORD0096765,6.7,0.029997
ORD0096766,11.2,0.635895
ORD0096767,8.3,0.415903
ORD0096768,18.2,0.942654
ORD0096769,18.2,0.856782
ORD0096770,11.1,0.076935
ORD0096771,10.7,0.075046
ORD0096772,12.4,0.999308
ORD0096773,13.1,0.999675
ORD0096774,20.9,0.984927
ORD0096775,18.0,0.984161
ORD0096776,16.5,0.997127
ORD0096777,10.5,0.997559
ORD0096778,13.7,0.002649
ORD0096779,13.4,0.953316
ORD0096780,12.0,0.031646
ORD0096781,38.3,0.494354
ORD0096782,20.3,0.886423
ORD0096783,11.8,6e-06
ORD0096784,12.8,0.005123
ORD0096785,12.9,0.000212
ORD0096786,18.6,3.2e-05
ORD0096787,17.8,0.372875
ORD0096788,19.4,0.000179
ORD0096789,14.6,0.049385
ORD0096790,19.1,3.1e-05
ORD0096791,20.9,3e-05
ORD0096792,26.3,0.024523
ORD0096793,37.4,0.280621
ORD0096794,31.6,0.017118
ORD0096795,11.4,5e-06
ORD0096796,12.8,2.8e-05
ORD0096797,25.4,5e-06
ORD0096798,25.0,0.000879
ORD0096799,24.3,0.726445
ORD0096800,20.5,0.899885
ORD0096801,17.7,0.313211
ORD0096802,23.3,7e-06
ORD0096803,18.1,6e-06
ORD0096804,24.2,0.016435
ORD0096805,28.7,0.9248
ORD0096806,18.1,3.1e-05
ORD0096807,16.4,8.1e-05
ORD0096808,15.7,0.001799
ORD0096809,25.4,1.9e-05
ORD0096810,15.8,0.003311
ORD0096811,14.4,0.003401
ORD0096812,20.8,0.040774
ORD0096813,27.9,0.459078
ORD0096814,19.6,0.063256
ORD0096815,30.3,0.290357
ORD0096816,45.9,7e-05
ORD0096817,40.6,2.9e-05
ORD0096818,18.3,0.975483
ORD0096819,16.8,0.897028
ORD0096820,20.9,1.7e-05
ORD0096821,87.0,0.000447
ORD0096822,62.9,0.415723
ORD0096823,25.2,3.7e-05
ORD0096824,38.6,0.030238
ORD0096825,26.6,0.000376
ORD0096826,19.2,0.00014
ORD0096827,17.4,9.4e-05
ORD0096828,32.0,0.69518
ORD0096829,27.4,0.012186
ORD0096830,23.9,0.000397
ORD0096831,18.5,0.979409
ORD0096832,25.9,0.999433
ORD0096833,12.1,0.013476
ORD0096834,20.0,0.058625
ORD0096835,15.5,0.111788
ORD0096836,20.9,0.255856
ORD0096837,20.2,0.436877
ORD0096838,38.3,0.000316
ORD0096839,29.6,0.000987
ORD0096840,21.7,0.699701
ORD0096841,25.6,0.865354
ORD0096842,25.9,0.003066
ORD0096843,23.3,0.003129
ORD0096844,20.7,0.020089
ORD0096845,20.1,0.042656
ORD0096846,28.6,0.003812
ORD0096847,21.4,0.027216
ORD0096848,20.5,0.002027
ORD0096849,15.1,0.140496
ORD0096850,16.4,0.022264
ORD0096851,23.4,0.001636
ORD0096852,18.1,0.00033
ORD0096853,19.4,0.229838
ORD0096854,12.8,0.901818
ORD0096855,15.9,0.685317
ORD0096856,17.0,0.120201
ORD0096857,15.4,0.985202
ORD0096858,12.3,0.728568
ORD0096859,13.9,0.917639
ORD0096860,17.0,0.988325
ORD0096861,15.8,0.998081
ORD0096862,16.3,0.994878
ORD0096863,16.2,6e-06
ORD0096864,15.3,0.00032
ORD0096865,14.6,1e-06
ORD0096866,14.0,2.6e-05
ORD0096867,11.3,3e-06
ORD0096868,13.3,0.000297
ORD0096869,14.1,0.011305
ORD0096870,13.2,0.003861
ORD0096871,16.9,0.545957
ORD0096872,14.9,0.029056
ORD0096873,15.5,0.839008
ORD0096874,13.4,2e-06
ORD0096875,13.3,6.2e-05
ORD0096876,18.9,1.4e-05
ORD0096877,22.8,0.08042
ORD0096878,27.9,6e-06
ORD0096879,29.7,0.016626
ORD0096880,12.9,0.000256
ORD0096881,18.5,0.002732
ORD0096882,17.4,0.698931
ORD0096883,43.9,3.2e-05
ORD0096884,145.3,0.001246
ORD0096885,27.0,0.012061
ORD0096886,26.0,0.533094
ORD0096887,35.8,0.564551
ORD0096888,27.7,0.957738
ORD0096889,18.3,5.7e-05
ORD0096890,15.2,0.003059
ORD0096891,29.6,0.999862
ORD0096892,27.3,0.990081
ORD0096893,22.5,0.003186
ORD0096894,20.5,0.125077
ORD0096895,28.9,0.991897
ORD0096896,26.1,0.93364
ORD0096897,15.0,0.870625
ORD0096898,13.7,0.887716
ORD0096899,17.9,0.998576
ORD0096900,16.5,0.996417
ORD0096901,40.4,0.999916
ORD0096902,26.0,0.999872
ORD0096903,24.8,0.93995
ORD0096904,16.0,0.124943
ORD0096905,15.8,0.117849
ORD0096906,17.9,0.434093
ORD0096907,15.9,0.341742
ORD0096908,25.5,0.816164
ORD0096909,23.1,0.138144
ORD0096910,22.5,0.950599
ORD0096911,16.1,0.467462
ORD0096912,99.9,0.36079
ORD0096913,21.0,4.7e-05
ORD0096914,17.8,2.9e-05
ORD0096915,20.3,0.000473
ORD0096916,22.7,0.000145
ORD0096917,50.8,0.02643
ORD0096918,28.8,0.622202
ORD0096919,31.0,0.006191
ORD0096920,32.3,0.000315
ORD0096921,11.8,2e-06
ORD0096922,14.2,0.862846
ORD0096923,11.3,4.3e-05
ORD0096924,15.3,0.998937
ORD0096925,17.0,1.2e-05
ORD0096926,20.5,0.999171
ORD0096927,16.3,0.000515
ORD0096928,14.4,2.1e-05
ORD0096929,19.9,0.000393
ORD0096930,22.7,0.11438
ORD0096931,24.9,0.006287
ORD0096932,29.0,0.979737
ORD0096933,39.4,0.163986
ORD0096934,13.5,7e-06
ORD0096935,11.6,8e-06
ORD0096936,14.3,7.8e-05
ORD0096937,14.0,0.810443
ORD0096938,26.0,1.4e-05
ORD0096939,24.8,0.009376
ORD0096940,21.3,0.040122
ORD0096941,26.5,0.999958
ORD0096942,21.2,0.537566
ORD0096943,17.2,5.5e-05
ORD0096944,18.2,0.005909
ORD0096945,29.4,0.937982
ORD0096946,35.0,0.999997
ORD0096947,55.8,0.000615
ORD0096948,75.6,0.992186
ORD0096949,57.1,0.000514
ORD0096950,84.0,0.262564
ORD0096951,32.2,0.000168
ORD0096952,81.6,3.3e-05
ORD0096953,16.4,0.000198
ORD0096954,14.9,0.000823
ORD0096955,16.4,0.009325
ORD0096956,12.9,0.020701
ORD0096957,26.3,6e-06
ORD0096958,23.9,1.9e-05
ORD0096959,15.0,1.1e-05
ORD0096960,19.8,0.060077
ORD0096961,27.2,6.7e-05
ORD0096962,24.9,0.370403
ORD0096963,20.5,0.003596
ORD0096964,41.8,4e-06
ORD0096965,13.5,0.526642
ORD0096966,15.8,0.913245
ORD0096967,21.4,3.6e-05
ORD0096968,18.4,0.000129
ORD0096969,42.0,0.980928
ORD0096970,20.0,0.152769
ORD0096971,17.1,0.206987
ORD0096972,53.1,0.998772
ORD0096973,41.5,0.998992
ORD0096974,26.2,0.999408
ORD0096975,25.0,0.762025
ORD0096976,22.9,0.999956
ORD0096977,26.3,0.999998
ORD0096978,28.2,0.999982
ORD0096979,14.5,0.883591
ORD0096980,14.2,0.997254
ORD0096981,16.8,0.223286
ORD0096982,15.8,0.005065
ORD0096983,19.8,0.663607
ORD0096984,17.2,0.023621
ORD0096985,38.6,0.001636
ORD0096986,30.6,0.00012
ORD0096987,23.4,0.945429
ORD0096988,18.8,0.132493
ORD0096989,27.5,0.010823
ORD0096990,30.1,0.000365
ORD0096991,23.9,0.121154
ORD0096992,18.3,0.002955
ORD0096993,26.9,0.00182
ORD0096994,30.8,0.000862
ORD0096995,17.4,0.00746
ORD0096996,20.4,0.002868
ORD0096997,22.1,0.001477
ORD0096998,15.4,0.000628
ORD0096999,15.7,0.033935
ORD0097000,13.1,0.014122
ORD0097001,14.4,0.026303
ORD0097002,14.8,0.033935
ORD0097003,21.5,0.002197
ORD0097004,21.4,0.004859
ORD0097005,16.6,0.284897
ORD0097006,15.8,0.000744
ORD0097007,14.3,0.154172
ORD0097008,16.9,0.62114
ORD0097009,11.3,0.001181
ORD0097010,10.4,0.078958
ORD0097011,15.0,0.011371
ORD0097012,17.4,0.460382
ORD0097013,12.5,0.09021
ORD0097014,15.5,1e-06
ORD0097015,12.9,0.000186
ORD0097016,13.6,2e-06
ORD0097017,13.6,1e-05
ORD0097018,12.7,3e-06
ORD0097019,12.1,0.003226
ORD0097020,10.6,1e-06
ORD0097021,10.1,2.7e-05
ORD0097022,12.3,4e-06
ORD0097023,13.3,0.062789
ORD0097024,11.4,4.3e-05
ORD0097025,12.9,0.563304
ORD0097026,12.7,0.000275
ORD0097027,12.8,2e-06
ORD0097028,12.4,2e-06
ORD0097029,17.0,1.9e-05
ORD0097030,20.8,0.145237
ORD0097031,27.2,7e-06
ORD0097032,12.5,0.000289
ORD0097033,15.6,0.001352
ORD0097034,16.7,0.948035
ORD0097035,26.0,2e-05
ORD0097036,71.3,0.000275
ORD0097037,45.5,0.108954
ORD0097038,49.5,7.1e-05
ORD0097039,66.8,2.4e-05
ORD0097040,26.1,0.000643
ORD0097041,21.7,0.007625
ORD0097042,21.5,0.022865
ORD0097043,24.5,0.362948
ORD0097044,29.8,0.358425
ORD0097045,21.2,1.3e-05
ORD0097046,24.4,0.968171
ORD0097047,20.8,0.980628
ORD0097048,18.5,5.3e-05
ORD0097049,26.1,0.991449
ORD0097050,14.6,0.885347
ORD0097051,17.9,0.998756
ORD0097052,14.5,0.845508
ORD0097053,28.9,0.99996
ORD0097054,29.9,0.956909
ORD0097055,21.3,0.954173
ORD0097056,17.5,0.546514
ORD0097057,18.3,0.260985
ORD0097058,15.1,0.174929
ORD0097059,16.2,0.537784
ORD0097060,14.3,0.580539
ORD0097061,28.4,0.41701
ORD0097062,17.7,0.562877
ORD0097063,13.8,0.400221
ORD0097064,24.2,6.8e-05
ORD0097065,24.2,0.001132
ORD0097066,19.3,2.2e-05
ORD0097067,56.4,0.035178
ORD0097068,42.4,5.5e-05
ORD0097069,32.8,0.389744
ORD0097070,25.4,0.001168
ORD0097071,12.4,0.00272
ORD0097072,12.4,0.001935
ORD0097073,13.3,0.273416
ORD0097074,12.8,0.355782
ORD0097075,19.2,0.149769
ORD0097076,17.5,0.189226
ORD0097077,16.0,0.000223
ORD0097078,18.8,0.999336
ORD0097079,21.6,0.001245
ORD0097080,24.6,0.794389
ORD0097081,31.7,0.078207
ORD0097082,39.0,0.008565
ORD0097083,39.8,0.999739
ORD0097084,16.8,0.000606
ORD0097085,13.0,0.001479
ORD0097086,14.7,0.000172
ORD0097087,14.6,0.989764
ORD0097088,29.8,0.004817
ORD0097089,29.0,0.697572
ORD0097090,22.2,0.983242
ORD0097091,28.1,0.000167
ORD0097092,23.0,0.248218
ORD0097093,34.2,0.999708
ORD0097094,70.0,0.007435
ORD0097095,71.5,0.001757
ORD0097096,19.7,0.001406
ORD0097097,16.4,0.037461
ORD0097098,15.0,4e-06
ORD0097099,29.3,2.2e-05
ORD0097100,17.4,1.4e-05
ORD0097101,15.6,0.001922
ORD0097102,24.4,0.517829
ORD0097103,18.9,0.048083
ORD0097104,33.5,0.962806
ORD0097105,30.7,0.741129
ORD0097106,21.8,0.000111
ORD0097107,36.9,4e-06
ORD0097108,53.6,7e-05
ORD0097109,16.6,0.0017
ORD0097110,19.7,0.000148
ORD0097111,18.4,1.7e-05
ORD0097112,103.1,2.9e-05
ORD0097113,39.1,0.220129
ORD0097114,20.8,0.000908
ORD0097115,33.4,0.908495
ORD0097116,25.1,0.013714
ORD0097117,24.3,0.000528
ORD0097118,24.7,0.996205
ORD0097119,12.9,0.025851
ORD0097120,28.3,0.99988
ORD0097121,12.9,0.108942
ORD0097122,13.8,0.007588
ORD0097123,18.9,0.576735
ORD0097124,21.9,0.916106
ORD0097125,35.1,0.003975
ORD0097126,26.6,0.996989
ORD0097127,21.0,0.52747
ORD0097128,38.2,0.051827
ORD0097129,28.8,0.318341
ORD0097130,25.0,0.53011
ORD0097131,67.4,0.260011
ORD0097132,54.4,0.000367
ORD0097133,37.6,0.431608
ORD0097134,20.7,0.822236
ORD0097135,21.7,0.209749
ORD0097136,22.5,0.093446
ORD0097137,25.2,0.985447
ORD0097138,20.3,0.793023
ORD0097139,52.0,0.000508
ORD0097140,15.5,0.124552
ORD0097141,16.1,0.023825
ORD0097142,24.2,0.019189
ORD0097143,22.0,0.001556
ORD0097144,24.6,0.002544
ORD0097145,19.9,0.000248
ORD0097146,17.8,0.981186
ORD0097147,17.6,0.500754
ORD0097148,26.7,0.000739
ORD0097149,53.1,0.000872
ORD0097150,11.9,0.000691
ORD0097151,15.7,0.005641
ORD0097152,17.0,0.017607
ORD0097153,13.4,0.062901
ORD0097154,12.9,0.000212
ORD0097155,12.5,7e-06
ORD0097156,12.4,9e-06
ORD0097157,12.3,2e-06
ORD0097158,11.9,0.009346
ORD0097159,9.0,8.7e-05
ORD0097160,12.8,0.204345
ORD0097161,11.4,2.7e-05
ORD0097162,12.9,0.876702
ORD0097163,13.5,0.989159
ORD0097164,10.8,0.000377
ORD0097165,10.6,2.5e-05
ORD0097166,11.0,2e-06
ORD0097167,18.5,0.002992
ORD0097168,18.0,0.000115
ORD0097169,28.5,0.001276
ORD0097170,33.3,5.2e-05
ORD0097171,14.7,0.209197
ORD0097172,13.2,0.001524
ORD0097173,22.1,0.742614
ORD0097174,21.8,0.008089
ORD0097175,21.5,0.00323
ORD0097176,26.6,0.124116
ORD0097177,28.7,0.72457
ORD0097178,25.0,0.109064
ORD0097179,15.5,0.000204
ORD0097180,23.8,0.988057
ORD0097181,18.5,0.000992
ORD0097182,20.5,0.000676
ORD0097183,19.4,0.339886
ORD0097184,20.8,0.00961
ORD0097185,11.5,0.034279
ORD0097186,18.5,0.720968
ORD0097187,26.8,0.978068
ORD0097188,17.8,0.023603
ORD0097189,17.0,0.14131
ORD0097190,16.1,0.538676
ORD0097191,14.9,0.755318
ORD0097192,13.9,0.758
ORD0097193,27.7,0.857701
ORD0097194,23.7,0.558108
ORD0097195,20.4,0.955054
ORD0097196,20.0,3.7e-05
ORD0097197,17.8,2.8e-05
ORD0097198,18.1,0.000211
ORD0097199,19.0,0.000367
ORD0097200,49.6,0.018972
ORD0097201,39.3,0.008857
ORD0097202,28.3,0.447233
ORD0097203,25.7,0.189748
ORD0097204,10.3,0.051626
ORD0097205,12.6,0.92642
ORD0097206,11.6,0.785622
ORD0097207,16.6,0.894938
ORD0097208,15.3,0.447378
ORD0097209,12.7,0.000327
ORD0097210,13.8,0.161069
ORD0097211,15.8,0.001805
ORD0097212,14.0,3.8e-05
ORD0097213,27.2,0.037364
ORD0097214,21.8,0.00555
ORD0097215,36.3,0.44651
ORD0097216,33.5,0.193432
ORD0097217,11.2,1.2e-05
ORD0097218,9.5,3.6e-05
ORD0097219,10.8,0.000503
ORD0097220,23.9,1.4e-05
ORD0097221,20.8,0.137401
ORD0097222,18.6,0.00906
ORD0097223,15.6,0.241043
ORD0097224,13.9,0.852233
ORD0097225,19.6,0.000129
ORD0097226,14.0,1.3e-05
ORD0097227,20.2,0.796575
ORD0097228,29.3,0.996497
ORD0097229,14.0,8e-06
ORD0097230,14.0,0.00023
ORD0097231,11.9,0.000898
ORD0097232,21.8,8e-06
ORD0097233,22.1,1.1e-05
ORD0097234,12.6,0.007601
ORD0097235,10.4,0.030257
ORD0097236,17.9,0.000173
ORD0097237,14.1,0.123473
ORD0097238,22.7,0.076304
ORD0097239,16.0,0.006872
ORD0097240,28.5,1.1e-05
ORD0097241,28.0,2.2e-05
ORD0097242,45.4,5e-06
ORD0097243,13.2,0.162437
ORD0097244,12.3,0.000221
ORD0097245,18.0,6e-06
ORD0097246,18.5,8.9e-05
ORD0097247,81.2,3.3e-05
ORD0097248,72.0,0.000124
ORD0097249,28.0,0.153761
ORD0097250,26.3,0.015322
ORD0097251,19.8,0.000131
ORD0097252,15.5,0.000178
ORD0097253,34.9,0.76481
ORD0097254,18.3,0.001263
ORD0097255,20.2,0.996883
ORD0097256,11.2,0.200245
ORD0097257,21.5,0.999867
ORD0097258,23.9,0.767341
ORD0097259,10.2,0.069576
ORD0097260,11.1,0.0027
ORD0097261,15.8,0.34548
ORD0097262,21.1,0.880346
ORD0097263,37.6,0.001715
ORD0097264,26.5,0.263841
ORD0097265,21.6,0.97845
ORD0097266,27.3,0.015227
ORD0097267,21.3,0.347408
ORD0097268,18.6,0.945505
ORD0097269,26.0,0.593156
ORD0097270,26.6,0.636215
ORD0097271,18.8,0.873731
ORD0097272,20.0,0.883055
ORD0097273,17.0,0.203481
ORD0097274,15.5,0.255707
ORD0097275,15.0,0.989903
ORD0097276,12.5,0.060027
ORD0097277,13.3,0.000916
ORD0097278,17.3,0.009837
ORD0097279,21.0,0.00017
ORD0097280,13.7,0.000871
ORD0097281,9.8,0.000215
ORD0097282,9.3,0.015472
ORD0097283,14.7,0.339267
ORD0097284,12.9,0.109191
ORD0097285,37.1,0.002513
ORD0097286,10.9,0.002358
ORD0097287,15.5,0.027864
ORD0097288,13.0,0.027754
ORD0097289,11.5,0.162631
ORD0097290,13.0,0.270687
ORD0097291,12.6,0.001009
ORD0097292,13.0,0.675369
ORD0097293,11.4,2.8e-05
ORD0097294,11.4,0.000623
ORD0097295,11.5,0.020403
ORD0097296,13.5,0.984096
ORD0097297,8.0,6.4e-05
ORD0097298,8.4,0.007403
ORD0097299,10.9,0.233374
ORD0097300,12.6,0.78017
ORD0097301,12.9,0.998841
ORD0097302,12.8,0.987337
ORD0097303,10.8,0.000421
ORD0097304,11.4,0.103698
ORD0097305,16.0,0.000349
ORD0097306,24.1,0.000103
ORD0097307,10.7,0.004842
ORD0097308,10.2,8.6e-05
ORD0097309,15.2,0.024288
ORD0097310,13.5,0.000232
ORD0097311,21.4,0.004828
ORD0097312,21.9,0.011692
ORD0097313,21.4,0.223293
ORD0097314,22.1,0.386091
ORD0097315,22.7,0.781915
ORD0097316,22.0,0.869967
ORD0097317,12.8,0.000164
ORD0097318,11.7,0.000154
ORD0097319,20.6,0.9968
ORD0097320,24.7,0.998655
ORD0097321,15.6,0.001555
ORD0097322,17.4,0.00213
ORD0097323,29.7,0.000257
ORD0097324,23.2,0.967548
ORD0097325,21.2,0.933237
ORD0097326,13.1,0.471111
ORD0097327,9.2,0.383775
ORD0097328,17.9,0.997182
ORD0097329,15.0,0.992683
ORD0097330,29.1,0.999828
ORD0097331,19.2,0.773257
ORD0097332,16.7,0.66289
ORD0097333,32.8,0.158784
ORD0097334,15.6,0.974935
ORD0097335,17.6,0.994115
ORD0097336,15.1,0.991152
ORD0097337,26.5,0.991256
ORD0097338,21.9,0.978059
ORD0097339,21.3,0.995117
ORD0097340,19.4,0.050862
ORD0097341,20.1,0.591156
ORD0097342,20.6,0.000529
ORD0097343,61.3,0.995353
ORD0097344,32.8,0.002201
ORD0097345,27.5,0.999814
