delivery_id,pred_service_min,pred_late_prob
ORD0092308,8.3,0.0004
ORD0092309,8.0,0.0012
ORD0092310,11.6,0.0009
ORD0092311,11.8,0.0137
ORD0092312,13.4,0.0159
ORD0092313,14.0,0.0814
ORD0092314,17.8,0.0016
ORD0092315,25.9,0.6909
ORD0092316,22.9,0.002
ORD0092317,13.9,0.0006
ORD0092318,9.5,0.0005
ORD0092319,9.8,0.0034
ORD0092320,14.9,0.0012
ORD0092321,11.9,0.0006
ORD0092322,20.1,0.9666
ORD0092323,13.2,0.0049
ORD0092324,13.4,0.3217
ORD0092325,9.0,0.0439
ORD0092326,15.1,0.0034
ORD0092327,15.6,0.9329
ORD0092328,16.0,0.5169
ORD0092329,11.6,0.0394
ORD0092330,10.8,0.0002
ORD0092331,11.1,0.5182
ORD0092332,20.6,0.0002
ORD0092333,12.6,0.0001
ORD0092334,10.4,0.0008
ORD0092335,12.0,0.0017
ORD0092336,11.0,0.0004
ORD0092337,15.1,0.0161
ORD0092338,15.0,0.0017
ORD0092339,13.5,0.1621
ORD0092340,14.5,0.0091
ORD0092341,22.6,0.0005
ORD0092342,10.9,0.5431
ORD0092343,10.8,0.0454
ORD0092344,12.0,0.0128
ORD0092345,24.2,0.0044
ORD0092346,15.8,0.0004
ORD0092347,13.6,0.0006
ORD0092348,18.1,0.0467
ORD0092349,13.7,0.0012
ORD0092350,16.1,0.0006
ORD0092351,14.3,0.0003
ORD0092352,12.3,0.5324
ORD0092353,9.8,0.0054
ORD0092354,16.8,0.9232
ORD0092355,12.3,0.0207
ORD0092356,8.8,0.0052
ORD0092357,31.9,0.0003
ORD0092358,17.3,0.0007
ORD0092359,11.5,0.0033
ORD0092360,11.8,0.0005
ORD0092361,12.3,0.0103
ORD0092362,11.4,0.0041
ORD0092363,24.2,0.0003
ORD0092364,13.9,0.0428
ORD0092365,12.0,0.0075
ORD0092366,17.0,0.0004
ORD0092367,17.9,0.0003
ORD0092368,12.4,0.0018
ORD0092369,17.2,0.0005
ORD0092370,17.3,0.291
ORD0092371,19.1,0.3369
ORD0092372,14.1,0.6833
ORD0092373,14.2,0.1946
ORD0092374,10.6,0.2585
ORD0092375,13.0,0.9096
ORD0092376,12.1,0.7097
ORD0092377,9.4,0.0039
ORD0092378,14.9,0.0025
ORD0092379,10.6,0.0008
ORD0092380,8.8,0.0004
ORD0092381,10.9,0.0004
ORD0092382,9.2,0.013
ORD0092383,8.1,0.0007
ORD0092384,7.0,0.1806
ORD0092385,6.5,0.0153
ORD0092386,9.3,0.5901
ORD0092387,9.7,0.0423
ORD0092388,9.6,0.9366
ORD0092389,8.6,0.2511
ORD0092390,10.0,0.0014
ORD0092391,10.4,0.0006
ORD0092392,10.7,0.0006
ORD0092393,9.5,0.0057
ORD0092394,9.8,0.0012
ORD0092395,9.9,0.0006
ORD0092396,9.3,0.0005
ORD0092397,10.1,0.027
ORD0092398,10.3,0.1214
ORD0092399,10.2,0.5716
ORD0092400,9.5,0.0041
ORD0092401,11.1,0.952
ORD0092402,13.4,0.0009
ORD0092403,17.8,0.0009
ORD0092404,23.7,0.0334
ORD0092405,10.5,0.0019
ORD0092406,13.8,0.0672
ORD0092407,13.5,0.0226
ORD0092408,10.3,0.5525
ORD0092409,18.2,0.0005
ORD0092410,16.3,0.0011
ORD0092411,13.9,0.0007
ORD0092412,18.5,0.004
ORD0092413,16.9,0.0106
ORD0092414,11.9,0.0002
ORD0092415,10.5,0.0003
ORD0092416,16.7,0.0371
ORD0092417,13.4,0.0004
ORD0092418,12.3,0.0007
ORD0092419,74.5,0.0003
ORD0092420,27.3,0.0003
ORD0092421,17.2,0.657
ORD0092422,10.8,0.3734
ORD0092423,8.7,0.3066
ORD0092424,13.5,0.9273
ORD0092425,18.2,0.9618
ORD0092426,12.4,0.4753
ORD0092427,13.0,0.5767
ORD0092428,11.5,0.1617
ORD0092429,11.5,0.6244
ORD0092430,10.4,0.3774
ORD0092431,10.5,0.6717
ORD0092432,18.5,0.0676
ORD0092433,12.6,0.1278
ORD0092434,14.5,0.8269
ORD0092435,37.1,0.141
ORD0092436,14.1,0.0049
ORD0092437,13.4,0.1167
ORD0092438,13.5,0.0214
ORD0092439,29.9,0.1308
ORD0092440,24.7,0.5428
ORD0092441,20.7,0.7763
ORD0092442,21.0,0.9082
ORD0092443,7.9,0.0003
ORD0092444,9.2,0.0336
ORD0092445,7.6,0.0005
ORD0092446,8.4,0.0601
ORD0092447,11.8,0.0003
ORD0092448,12.7,0.001
ORD0092449,12.1,0.0037
ORD0092450,17.6,0.0115
ORD0092451,14.9,0.0009
ORD0092452,23.5,0.1455
ORD0092453,11.2,0.0004
ORD0092454,8.6,0.0015
ORD0092455,8.0,0.0007
ORD0092456,9.0,0.0007
ORD0092457,14.1,0.0004
ORD0092458,11.6,0.0001
ORD0092459,19.1,0.7127
ORD0092460,12.3,0.1328
ORD0092461,13.4,0.9254
ORD0092462,13.9,0.7799
ORD0092463,11.3,0.0013
ORD0092464,12.4,0.0088
ORD0092465,54.3,0.0013
ORD0092466,53.8,0.0008
ORD0092467,11.4,0.0002
ORD0092468,9.8,0.0563
ORD0092469,9.6,0.0005
ORD0092470,11.3,0.4779
ORD0092471,16.2,0.0001
ORD0092472,15.3,0.0001
ORD0092473,9.0,0.0016
ORD0092474,6.6,0.0006
ORD0092475,11.2,0.0129
ORD0092476,11.1,0.0023
ORD0092477,17.2,0.0991
ORD0092478,15.9,0.0152
ORD0092479,13.0,0.5363
ORD0092480,12.1,0.2026
ORD0092481,21.0,0.0005
ORD0092482,18.4,0.0006
ORD0092483,12.6,0.9232
ORD0092484,11.4,0.0002
ORD0092485,12.0,0.0002
ORD0092486,21.4,0.0023
ORD0092487,16.1,0.0006
ORD0092488,11.4,0.0005
ORD0092489,11.3,0.0002
ORD0092490,16.6,0.0087
ORD0092491,17.6,0.0045
ORD0092492,16.6,0.0004
ORD0092493,14.1,0.0003
ORD0092494,10.5,0.0618
ORD0092495,8.8,0.0328
ORD0092496,13.8,0.412
ORD0092497,15.4,0.3284
ORD0092498,7.9,0.0006
ORD0092499,6.6,0.0005
ORD0092500,11.4,0.0066
ORD0092501,10.9,0.0246
ORD0092502,11.7,0.0197
ORD0092503,12.6,0.1026
ORD0092504,21.5,0.0003
ORD0092505,17.8,0.0048
ORD0092506,12.6,0.0573
ORD0092507,14.2,0.0008
ORD0092508,14.2,0.0058
ORD0092509,12.9,0.0148
ORD0092510,15.7,0.0002
ORD0092511,16.3,0.0002
ORD0092512,11.1,0.0004
ORD0092513,12.3,0.0003
ORD0092514,14.5,0.0003
ORD0092515,9.6,0.0004
ORD0092516,10.7,0.0023
ORD0092517,8.7,0.0006
ORD0092518,8.3,0.0023
ORD0092519,11.2,0.0124
ORD0092520,12.6,0.001
ORD0092521,10.5,0.0038
ORD0092522,10.2,0.0003
ORD0092523,12.0,0.001
ORD0092524,8.9,0.0093
ORD0092525,10.9,0.0659
ORD0092526,7.6,0.0007
ORD0092527,7.3,0.015
ORD0092528,5.5,0.0208
ORD0092529,7.5,0.0097
ORD0092530,8.1,0.0552
ORD0092531,7.8,0.2031
ORD0092532,6.5,0.0499
ORD0092533,7.3,0.0007
ORD0092534,7.9,0.0002
ORD0092535,8.7,0.002
ORD0092536,7.4,0.0001
ORD0092537,7.5,0.0002
ORD0092538,6.3,0.0001
ORD0092539,7.1,0.0114
ORD0092540,7.0,0.0002
ORD0092541,8.9,0.0456
ORD0092542,7.3,0.0003
ORD0092543,9.4,0.3777
ORD0092544,6.6,0.0003
ORD0092545,6.7,0.0001
ORD0092546,12.0,0.0003
ORD0092547,10.7,0.0003
ORD0092548,14.3,0.0002
ORD0092549,19.7,0.0002
ORD0092550,7.0,0.0005
ORD0092551,8.8,0.0005
ORD0092552,9.5,0.0011
ORD0092553,15.2,0.0004
ORD0092554,13.3,0.0005
ORD0092555,15.0,0.0001
ORD0092556,13.9,0.0051
ORD0092557,13.3,0.0002
ORD0092558,10.7,0.0001
ORD0092559,8.6,0.0
ORD0092560,11.1,0.024
ORD0092561,16.6,0.0008
ORD0092562,10.7,0.0001
ORD0092563,13.6,0.1648
ORD0092564,10.9,0.1501
ORD0092565,8.5,0.035
ORD0092566,6.2,0.0336
ORD0092567,9.5,0.3626
ORD0092568,6.9,0.3463
ORD0092569,21.2,0.6245
ORD0092570,16.1,0.5401
ORD0092571,10.9,0.0448
ORD0092572,8.7,0.0457
ORD0092573,8.2,0.1042
ORD0092574,8.4,0.225
ORD0092575,15.7,0.1247
ORD0092576,14.6,0.1403
ORD0092577,10.5,0.2393
ORD0092578,9.2,0.2161
ORD0092579,13.0,0.0015
ORD0092580,9.8,0.0014
ORD0092581,13.9,0.0049
ORD0092582,32.0,0.0184
ORD0092583,15.3,0.1494
ORD0092584,8.5,0.0003
ORD0092585,8.7,0.0007
ORD0092586,8.4,0.001
ORD0092587,12.8,0.0005
ORD0092588,11.2,0.0042
ORD0092589,11.8,0.0002
ORD0092590,10.2,0.0025
ORD0092591,12.8,0.0013
ORD0092592,12.8,0.0002
ORD0092593,19.5,0.0063
ORD0092594,23.9,0.0896
ORD0092595,22.3,0.0073
ORD0092596,13.5,0.0003
ORD0092597,9.7,0.0002
ORD0092598,13.3,0.0003
ORD0092599,18.0,0.4634
ORD0092600,11.0,0.0373
ORD0092601,14.2,0.9044
ORD0092602,11.0,0.626
ORD0092603,12.9,0.0009
ORD0092604,14.3,0.0001
ORD0092605,10.7,0.0003
ORD0092606,16.3,0.953
ORD0092607,11.6,0.0003
ORD0092608,10.5,0.0001
ORD0092609,11.5,0.0005
ORD0092610,18.1,0.0001
ORD0092611,9.8,0.0004
ORD0092612,8.0,0.0001
ORD0092613,13.4,0.0007
ORD0092614,17.7,0.0026
ORD0092615,12.4,0.0458
ORD0092616,12.9,0.0004
ORD0092617,24.3,0.0003
ORD0092618,19.3,0.0001
ORD0092619,11.2,0.1346
ORD0092620,11.1,0.0006
ORD0092621,12.3,0.0002
ORD0092622,54.8,0.0011
ORD0092623,37.4,0.0614
ORD0092624,31.6,0.0003
ORD0092625,15.9,0.0008
ORD0092626,15.5,0.0007
ORD0092627,14.2,0.0001
ORD0092628,12.1,0.0004
ORD0092629,17.4,0.004
ORD0092630,16.1,0.0022
ORD0092631,14.0,0.0004
ORD0092632,11.1,0.0463
ORD0092633,13.3,0.2518
ORD0092634,8.9,0.0008
ORD0092635,51.2,0.0002
ORD0092636,11.3,0.0121
ORD0092637,12.3,0.0062
ORD0092638,12.5,0.0361
ORD0092639,11.0,0.0238
ORD0092640,30.4,0.0003
ORD0092641,18.3,0.0003
ORD0092642,13.3,0.1334
ORD0092643,13.4,0.0553
ORD0092644,19.3,0.0013
ORD0092645,18.9,0.0005
ORD0092646,16.8,0.0094
ORD0092647,10.5,0.0019
ORD0092648,17.7,0.0003
ORD0092649,9.9,0.0004
ORD0092650,14.5,0.0003
ORD0092651,11.3,0.0017
ORD0092652,10.1,0.0015
ORD0092653,14.6,0.063
ORD0092654,12.1,0.0007
ORD0092655,11.7,0.0003
ORD0092656,9.6,0.0039
ORD0092657,8.2,0.0006
ORD0092658,8.3,0.0127
ORD0092659,6.6,0.0016
ORD0092660,7.2,0.0347
ORD0092661,8.2,0.0187
ORD0092662,10.1,0.1922
ORD0092663,8.5,0.6774
ORD0092664,7.7,0.0474
ORD0092665,9.1,0.0003
ORD0092666,8.7,0.0001
ORD0092667,9.9,0.0001
ORD0092668,8.8,0.0004
ORD0092669,9.2,0.0001
ORD0092670,8.1,0.0011
ORD0092671,7.7,0.0002
ORD0092672,9.3,0.0024
ORD0092673,9.6,0.0002
ORD0092674,10.6,0.0128
ORD0092675,8.8,0.0003
ORD0092676,8.1,0.0002
ORD0092677,7.9,0.0001
ORD0092678,12.9,0.0003
ORD0092679,11.1,0.0003
ORD0092680,17.3,0.0002
ORD0092681,19.8,0.0003
ORD0092682,8.8,0.0006
ORD0092683,14.6,0.0019
ORD0092684,9.1,0.0005
ORD0092685,32.6,0.0002
ORD0092686,39.6,0.0003
ORD0092687,16.6,0.0009
ORD0092688,16.9,0.007
ORD0092689,13.0,0.0044
ORD0092690,16.6,0.088
ORD0092691,12.2,0.0004
ORD0092692,9.8,0.0005
ORD0092693,15.2,0.6725
ORD0092694,15.4,0.0781
ORD0092695,12.9,0.0005
ORD0092696,11.1,0.0028
ORD0092697,14.1,0.24
ORD0092698,11.2,0.0248
ORD0092699,9.0,0.0372
ORD0092700,7.3,0.0115
ORD0092701,14.1,0.495
ORD0092702,10.2,0.0912
ORD0092703,20.5,0.9153
ORD0092704,15.3,0.1832
ORD0092705,13.6,0.1597
ORD0092706,11.6,0.1312
ORD0092707,11.2,0.1092
ORD0092708,11.0,0.2955
ORD0092709,9.7,0.183
ORD0092710,17.8,0.1454
ORD0092711,13.0,0.1136
ORD0092712,14.3,0.2237
ORD0092713,11.1,0.2228
ORD0092714,13.0,0.0103
ORD0092715,11.5,0.0335
ORD0092716,13.1,0.0319
ORD0092717,18.1,0.2546
ORD0092718,36.3,0.2215
ORD0092719,17.8,0.6269
ORD0092720,19.8,0.5578
ORD0092721,25.4,0.0009
ORD0092722,10.7,0.0042
ORD0092723,10.1,0.0003
ORD0092724,12.1,0.176
ORD0092725,9.9,0.0005
ORD0092726,14.4,0.1208
ORD0092727,13.0,0.0003
ORD0092728,16.6,0.0011
ORD0092729,13.4,0.0144
ORD0092730,16.2,0.0026
ORD0092731,15.7,0.0026
ORD0092732,17.5,0.0115
ORD0092733,24.4,0.4393
ORD0092734,23.0,0.0898
ORD0092735,11.4,0.0004
ORD0092736,11.1,0.0008
ORD0092737,13.3,0.0005
ORD0092738,12.6,0.0098
ORD0092739,14.5,0.0005
ORD0092740,15.4,0.0005
ORD0092741,18.4,0.7854
ORD0092742,18.8,0.8748
ORD0092743,17.8,0.9678
ORD0092744,19.2,0.001
ORD0092745,14.2,0.0009
ORD0092746,17.1,0.0027
ORD0092747,24.2,0.992
ORD0092748,48.7,0.0017
ORD0092749,55.4,0.8594
ORD0092750,56.5,0.0016
ORD0092751,60.8,0.0017
ORD0092752,29.7,0.0004
ORD0092753,51.3,0.0003
ORD0092754,12.3,0.0002
ORD0092755,13.5,0.0009
ORD0092756,12.7,0.0004
ORD0092757,12.7,0.0038
ORD0092758,26.6,0.0001
ORD0092759,17.9,0.0001
ORD0092760,11.0,0.0007
ORD0092761,14.5,0.003
ORD0092762,21.7,0.0328
ORD0092763,17.8,0.0388
ORD0092764,16.8,0.4413
ORD0092765,23.6,0.0003
ORD0092766,15.2,0.0007
ORD0092767,15.1,0.6599
ORD0092768,14.6,0.0001
ORD0092769,15.3,0.0008
ORD0092770,25.4,0.0022
ORD0092771,15.9,0.0003
ORD0092772,13.2,0.0005
ORD0092773,24.5,0.0277
ORD0092774,22.2,0.0857
ORD0092775,18.9,0.0006
ORD0092776,16.4,0.0016
ORD0092777,16.2,0.4719
ORD0092778,21.6,0.8991
ORD0092779,18.6,0.6326
ORD0092780,10.3,0.0024
ORD0092781,8.5,0.0141
ORD0092782,14.1,0.0147
ORD0092783,15.8,0.0014
ORD0092784,15.4,0.0579
ORD0092785,14.3,0.0079
ORD0092786,27.6,0.0003
ORD0092787,23.1,0.0002
ORD0092788,17.0,0.1809
ORD0092789,14.6,0.0272
ORD0092790,20.6,0.0014
ORD0092791,17.9,0.0005
ORD0092792,18.1,0.0039
ORD0092793,14.3,0.0012
ORD0092794,24.0,0.0213
ORD0092795,18.5,0.0025
ORD0092796,12.7,0.0412
ORD0092797,14.5,0.006
ORD0092798,17.6,0.0069
ORD0092799,13.9,0.0007
ORD0092800,13.8,0.4294
ORD0092801,12.5,0.0234
ORD0092802,11.7,0.0148
ORD0092803,12.5,0.0062
ORD0092804,16.4,0.0047
ORD0092805,16.9,0.0023
ORD0092806,13.2,0.0018
ORD0092807,17.9,0.0006
ORD0092808,10.6,0.0008
ORD0092809,13.6,0.1228
ORD0092810,9.3,0.0103
ORD0092811,8.3,0.1894
ORD0092812,12.0,0.0267
ORD0092813,11.3,0.5682
ORD0092814,11.3,0.0576
ORD0092815,9.4,0.0003
ORD0092816,9.4,0.0002
ORD0092817,10.6,0.0001
ORD0092818,10.4,0.0001
ORD0092819,9.7,0.0005
ORD0092820,9.7,0.0003
ORD0092821,9.0,0.0002
ORD0092822,9.4,0.0001
ORD0092823,9.4,0.0017
ORD0092824,9.6,0.0003
ORD0092825,9.5,0.0063
ORD0092826,9.4,0.0013
ORD0092827,11.7,0.0192
ORD0092828,9.1,0.0032
ORD0092829,8.9,0.0002
ORD0092830,13.2,0.0004
ORD0092831,15.1,0.0003
ORD0092832,23.4,0.0002
ORD0092833,11.6,0.0004
ORD0092834,12.2,0.0012
ORD0092835,12.1,0.0006
ORD0092836,27.5,0.0002
ORD0092837,58.4,0.0008
ORD0092838,52.9,0.0019
ORD0092839,31.3,0.0006
ORD0092840,48.9,0.0003
ORD0092841,36.4,0.0002
ORD0092842,19.6,0.0004
ORD0092843,16.4,0.0002
ORD0092844,16.9,0.0015
ORD0092845,19.3,0.0004
ORD0092846,18.5,0.0157
ORD0092847,13.8,0.0002
ORD0092848,16.5,0.3079
ORD0092849,18.7,0.0017
ORD0092850,14.8,0.0003
ORD0092851,20.5,0.1938
ORD0092852,9.5,0.035
ORD0092853,15.5,0.5152
ORD0092854,10.9,0.01
ORD0092855,25.4,0.7815
ORD0092856,15.0,0.0278
ORD0092857,14.9,0.0554
ORD0092858,10.7,0.0071
ORD0092859,11.8,0.2802
ORD0092860,12.6,0.1381
ORD0092861,13.4,0.5252
ORD0092862,13.2,0.6173
ORD0092863,19.9,0.0689
ORD0092864,14.0,0.1509
ORD0092865,11.3,0.248
ORD0092866,13.5,0.0024
ORD0092867,14.0,0.0081
ORD0092868,16.1,0.0059
ORD0092869,36.2,0.057
ORD0092870,37.0,0.026
ORD0092871,20.1,0.3246
ORD0092872,19.5,0.1817
ORD0092873,12.4,0.3963
ORD0092874,10.8,0.0003
ORD0092875,15.6,0.9782
ORD0092876,9.4,0.0009
ORD0092877,16.0,0.9697
ORD0092878,13.4,0.0006
ORD0092879,13.4,0.0017
ORD0092880,13.2,0.0446
ORD0092881,16.3,0.095
ORD0092882,14.8,0.0024
ORD0092883,24.8,0.7083
ORD0092884,31.4,0.9679
ORD0092885,25.0,0.5934
ORD0092886,17.4,0.0013
ORD0092887,14.6,0.0003
ORD0092888,12.6,0.0009
ORD0092889,12.3,0.0175
ORD0092890,13.7,0.0004
ORD0092891,16.6,0.0381
ORD0092892,19.9,0.9914
ORD0092893,19.7,0.0221
ORD0092894,16.0,0.0008
ORD0092895,19.1,0.2528
ORD0092896,53.2,0.0015
ORD0092897,44.8,0.0013
ORD0092898,14.1,0.0002
ORD0092899,13.2,0.0008
ORD0092900,15.6,0.0006
ORD0092901,25.4,0.0001
ORD0092902,10.3,0.0034
ORD0092903,10.5,0.0014
ORD0092904,13.9,0.0294
ORD0092905,14.8,0.0115
ORD0092906,21.4,0.4079
ORD0092907,22.9,0.1898
ORD0092908,18.2,0.0033
ORD0092909,27.4,0.001
ORD0092910,30.7,0.0003
ORD0092911,14.7,0.9339
ORD0092912,21.7,0.0005
ORD0092913,20.0,0.0001
ORD0092914,34.3,0.0042
ORD0092915,15.9,0.0003
ORD0092916,20.7,0.0607
ORD0092917,19.2,0.0006
ORD0092918,17.9,0.0002
ORD0092919,16.8,0.7049
ORD0092920,9.9,0.0015
ORD0092921,20.7,0.9477
ORD0092922,10.9,0.0037
ORD0092923,11.0,0.0007
ORD0092924,13.1,0.0257
ORD0092925,17.6,0.132
ORD0092926,28.3,0.0005
ORD0092927,19.4,0.5441
ORD0092928,16.3,0.0005
ORD0092929,20.4,0.0019
ORD0092930,19.1,0.0003
ORD0092931,16.4,0.0176
ORD0092932,58.5,0.0043
ORD0092933,44.6,0.0006
ORD0092934,22.0,0.0003
ORD0092935,15.4,0.0008
ORD0092936,14.3,0.0002
ORD0092937,20.9,0.0003
ORD0092938,14.3,0.0028
ORD0092939,13.4,0.0002
ORD0092940,49.1,0.0008
ORD0092941,12.7,0.0008
ORD0092942,12.6,0.0084
ORD0092943,21.7,0.0004
ORD0092944,20.4,0.0031
ORD0092945,15.9,0.0016
ORD0092946,13.6,0.0011
ORD0092947,14.5,0.0019
ORD0092948,11.9,0.0057
ORD0092949,25.3,0.0021
ORD0092950,50.1,0.0011
ORD0092951,8.4,0.0547
ORD0092952,12.5,0.2877
ORD0092953,10.4,0.0568
ORD0092954,10.2,0.7607
ORD0092955,9.7,0.0001
ORD0092956,8.9,0.0002
ORD0092957,10.1,0.0002
ORD0092958,10.3,0.0001
ORD0092959,10.7,0.0002
ORD0092960,9.1,0.0001
ORD0092961,9.3,0.0003
ORD0092962,8.8,0.0003
ORD0092963,9.1,0.0004
ORD0092964,8.3,0.0016
ORD0092965,8.7,0.0005
ORD0092966,7.9,0.0003
ORD0092967,9.0,0.0002
ORD0092968,13.7,0.0004
ORD0092969,16.6,0.3135
ORD0092970,23.8,0.0002
ORD0092971,24.2,0.0785
ORD0092972,10.3,0.0005
ORD0092973,12.1,0.9096
ORD0092974,14.3,0.0015
ORD0092975,18.2,0.0005
ORD0092976,18.1,0.0363
ORD0092977,14.8,0.0017
ORD0092978,17.9,0.0305
ORD0092979,15.6,0.5876
ORD0092980,13.4,0.0001
ORD0092981,19.4,0.5301
ORD0092982,16.0,0.0003
ORD0092983,14.4,0.013
ORD0092984,21.6,0.2736
ORD0092985,14.4,0.5077
ORD0092986,12.2,0.0455
ORD0092987,16.2,0.7817
ORD0092988,25.8,0.9749
ORD0092989,23.0,0.9217
ORD0092990,11.2,0.1894
ORD0092991,11.1,0.0702
ORD0092992,12.3,0.1947
ORD0092993,10.1,0.3683
ORD0092994,24.1,0.1556
ORD0092995,15.8,0.1509
ORD0092996,14.9,0.3164
ORD0092997,17.2,0.0052
ORD0092998,12.5,0.0016
ORD0092999,17.0,0.03
ORD0093000,17.4,0.0082
ORD0093001,35.1,0.1493
ORD0093002,31.3,0.0368
ORD0093003,23.1,0.8432
ORD0093004,22.9,0.3983
ORD0093005,9.2,0.0005
ORD0093006,9.4,0.0018
ORD0093007,9.2,0.0011
ORD0093008,12.6,0.001
ORD0093009,9.4,0.0005
ORD0093010,14.5,0.0541
ORD0093011,8.6,0.0003
ORD0093012,14.2,0.0026
ORD0093013,14.1,0.0008
ORD0093014,21.1,0.0078
ORD0093015,14.4,0.0076
ORD0093016,25.8,0.0144
ORD0093017,17.5,0.0765
ORD0093018,12.7,0.0004
ORD0093019,11.9,0.0112
ORD0093021,12.5,0.0015
ORD0093023,15.5,0.1359
ORD0093024,15.1,0.8264
ORD0093025,8.3,0.0013
ORD0093026,17.1,0.0012
ORD0093027,15.1,0.0006
ORD0093028,21.2,0.9789
ORD0093030,11.5,0.0002
ORD0093031,12.0,0.0004
ORD0093032,10.4,0.0007
ORD0093033,18.2,0.0005
ORD0093034,16.7,0.0002
ORD0093035,8.8,0.0045
ORD0093036,10.9,0.0014
ORD0093037,11.3,0.0009
ORD0093038,11.9,0.0069
ORD0093039,18.1,0.0953
ORD0093040,18.8,0.7411
ORD0093041,17.2,0.0014
ORD0093042,26.3,0.002
ORD0093043,30.0,0.0006
ORD0093044,12.6,0.9614
ORD0093045,14.3,0.0032
ORD0093046,13.0,0.0001
ORD0093047,14.3,0.0002
ORD0093048,84.0,0.0004
ORD0093049,48.8,0.0006
ORD0093050,25.0,0.0076
ORD0093051,21.8,0.0009
ORD0093052,16.2,0.0007
ORD0093053,12.4,0.0003
ORD0093054,23.4,0.113
ORD0093055,16.1,0.0008
ORD0093056,14.4,0.7928
ORD0093057,9.8,0.005
ORD0093058,18.0,0.9666
ORD0093059,14.6,0.0342
ORD0093060,8.7,0.0034
ORD0093061,10.6,0.001
ORD0093062,12.0,0.0237
ORD0093063,15.4,0.1274
ORD0093064,20.9,0.0005
ORD0093065,21.6,0.0276
ORD0093066,17.6,0.553
ORD0093067,20.0,0.0027
ORD0093068,20.7,0.0154
ORD0093069,17.9,0.2057
ORD0093070,24.5,0.0489
ORD0093071,21.0,0.001
ORD0093072,13.2,0.122
ORD0093073,15.7,0.0014
ORD0093074,16.0,0.0113
ORD0093075,12.1,0.0007
ORD0093076,14.0,0.5556
ORD0093077,11.1,0.0004
ORD0093078,10.5,0.0033
ORD0093079,16.0,0.0002
ORD0093080,18.7,0.0011
ORD0093081,12.6,0.0004
ORD0093082,9.3,0.0012
ORD0093083,9.6,0.011
ORD0093084,10.5,0.006
ORD0093085,9.2,0.048
ORD0093086,25.9,0.0021
ORD0093087,8.6,0.0129
ORD0093088,12.6,0.0759
ORD0093089,13.3,0.086
ORD0093090,10.3,0.3375
ORD0093091,9.1,0.5531
ORD0093092,9.8,0.0005
ORD0093093,9.1,0.0012
ORD0093094,10.5,0.0003
ORD0093095,10.2,0.0002
ORD0093096,11.3,0.0019
ORD0093097,8.7,0.0045
ORD0093098,7.9,0.0001
ORD0093099,8.0,0.0003
ORD0093100,9.5,0.0079
ORD0093101,9.9,0.1882
ORD0093102,9.2,0.041
ORD0093103,12.0,0.5921
ORD0093104,8.5,0.0004
ORD0093105,9.0,0.0007
ORD0093106,14.7,0.0035
ORD0093107,21.9,0.0017
ORD0093108,10.3,0.0239
ORD0093109,11.6,0.0002
ORD0093110,15.4,0.3967
ORD0093111,10.4,0.0002
ORD0093112,18.1,0.0006
ORD0093113,18.5,0.0003
ORD0093114,15.8,0.0009
ORD0093115,16.8,0.0011
ORD0093116,18.9,0.0046
ORD0093117,17.5,0.0056
ORD0093118,11.1,0.0001
ORD0093119,9.8,0.0001
ORD0093120,16.9,0.0398
ORD0093121,20.8,0.0722
ORD0093122,13.4,0.0003
ORD0093123,16.1,0.0004
ORD0093124,26.9,0.0005
ORD0093125,15.4,0.211
ORD0093126,13.0,0.264
ORD0093127,8.8,0.0479
ORD0093128,8.1,0.0466
ORD0093129,14.1,0.4661
ORD0093130,11.5,0.6563
ORD0093131,24.5,0.7945
ORD0093132,16.9,0.0574
ORD0093133,15.1,0.0783
ORD0093134,26.5,0.0128
ORD0093135,13.9,0.3778
ORD0093136,11.2,0.4241
ORD0093137,11.3,0.6651
ORD0093138,23.1,0.119
ORD0093139,16.1,0.2439
ORD0093140,16.8,0.3225
ORD0093141,14.4,0.0192
ORD0093142,14.1,0.2263
ORD0093143,13.3,0.0006
ORD0093144,43.3,0.8797
ORD0093145,29.3,0.002
ORD0093146,22.0,0.9795
ORD0093147,8.6,0.0003
ORD0093148,10.3,0.0011
ORD0093149,12.2,0.0005
ORD0093150,15.0,0.0022
ORD0093151,14.8,0.0098
ORD0093152,19.4,0.0751
ORD0093153,22.3,0.0022
ORD0093154,22.1,0.5862
ORD0093155,19.6,0.4616
ORD0093156,12.0,0.0009
ORD0093157,10.3,0.0002
ORD0093158,9.6,0.0007
ORD0093159,11.8,0.0006
ORD0093160,13.9,0.0003
ORD0093161,18.0,0.9585
ORD0093162,11.5,0.0137
ORD0093163,12.4,0.011
ORD0093164,11.4,0.1046
ORD0093165,15.8,0.0024
ORD0093166,14.2,0.0634
ORD0093167,19.1,0.9368
ORD0093168,11.7,0.0257
ORD0093169,12.3,0.0004
ORD0093170,12.5,0.4509
ORD0093171,18.3,0.0001
ORD0093172,16.9,0.0002
ORD0093173,11.4,0.0004
ORD0093174,11.9,0.001
ORD0093175,12.1,0.0009
ORD0093176,17.8,0.0037
ORD0093177,13.6,0.0057
ORD0093178,11.8,0.0348
ORD0093179,15.0,0.0657
ORD0093180,26.1,0.0004
ORD0093181,11.8,0.1879
ORD0093182,12.1,0.4908
ORD0093183,12.8,0.0095
ORD0093184,25.5,0.0061
ORD0093185,15.7,0.0008
ORD0093186,12.7,0.0006
ORD0093187,20.9,0.0684
ORD0093188,16.6,0.0046
ORD0093189,16.4,0.0008
ORD0093190,14.4,0.0004
ORD0093191,14.2,0.6371
ORD0093192,9.9,0.0268
ORD0093193,17.3,0.9356
ORD0093194,15.0,0.4257
ORD0093195,7.9,0.0046
ORD0093196,24.3,0.0003
ORD0093197,23.1,0.0013
ORD0093198,11.8,0.0141
ORD0093199,11.7,0.0063
ORD0093200,12.6,0.0716
ORD0093201,11.1,0.0386
ORD0093202,23.7,0.0003
ORD0093203,13.6,0.4073
ORD0093204,16.0,0.1825
ORD0093205,17.4,0.0013
ORD0093206,16.5,0.0043
ORD0093207,12.6,0.0137
ORD0093208,18.3,0.0006
ORD0093209,16.9,0.0553
ORD0093210,11.5,0.0009
ORD0093211,16.4,0.0006
ORD0093212,10.4,0.0234
ORD0093213,9.9,0.0048
ORD0093214,12.2,0.2657
ORD0093215,14.2,0.4043
ORD0093216,19.4,0.1824
ORD0093217,14.2,0.9236
ORD0093218,11.8,0.8787
ORD0093219,9.2,0.9118
ORD0093220,12.1,0.9641
ORD0093221,9.9,0.9621
ORD0093222,9.1,0.0134
ORD0093223,5.9,0.0319
ORD0093224,11.5,0.029
ORD0093225,11.1,0.0749
ORD0093226,8.4,0.0881
ORD0093227,8.4,0.4509
ORD0093228,8.6,0.0003
ORD0093229,10.5,0.1074
ORD0093230,10.4,0.0002
ORD0093231,9.2,0.0003
ORD0093232,9.7,0.0003
ORD0093233,8.5,0.0002
ORD0093234,8.7,0.0002
ORD0093235,9.3,0.0005
ORD0093236,9.2,0.0015
ORD0093237,9.5,0.0043
ORD0093238,8.7,0.0004
ORD0093239,8.2,0.0002
ORD0093240,12.8,0.0004
ORD0093241,23.5,0.0004
ORD0093242,19.7,0.0019
ORD0093243,10.6,0.0009
ORD0093244,10.5,0.0032
ORD0093245,11.0,0.0016
ORD0093246,8.5,0.0126
ORD0093247,18.0,0.0007
ORD0093248,18.0,0.0007
ORD0093249,18.1,0.0018
ORD0093250,19.8,0.0187
ORD0093251,17.4,0.0019
ORD0093252,11.8,0.0002
ORD0093253,9.7,0.0002
ORD0093254,17.7,0.2239
ORD0093255,13.5,0.0005
ORD0093256,12.2,0.0003
ORD0093257,68.2,0.0002
ORD0093258,19.1,0.1925
ORD0093259,11.7,0.0333
ORD0093260,7.8,0.1018
ORD0093261,11.6,0.4308
ORD0093262,20.0,0.7877
ORD0093263,11.0,0.044
ORD0093264,11.7,0.2713
ORD0093265,11.5,0.483
ORD0093266,11.9,0.5326
ORD0093267,11.8,0.7328
ORD0093268,10.8,0.3417
ORD0093269,16.4,0.35
ORD0093270,14.4,0.6002
ORD0093271,11.3,0.7415
ORD0093272,47.2,0.147
ORD0093273,16.4,0.0089
ORD0093274,14.0,0.0135
ORD0093275,19.5,0.0166
ORD0093276,39.0,0.2285
ORD0093277,35.9,0.0732
ORD0093278,21.8,0.7967
ORD0093279,22.0,0.6586
ORD0093280,7.8,0.0002
ORD0093281,10.1,0.6348
ORD0093282,8.0,0.0005
ORD0093283,9.9,0.6815
ORD0093284,11.1,0.0003
ORD0093285,10.8,0.0007
ORD0093286,12.0,0.0009
ORD0093287,17.4,0.002
ORD0093288,13.9,0.0005
ORD0093289,19.4,0.0081
ORD0093290,11.8,0.0002
ORD0093291,7.9,0.0003
ORD0093292,7.7,0.0006
ORD0093293,11.7,0.0004
ORD0093294,14.4,0.0003
ORD0093295,9.3,0.0007
ORD0093296,13.9,0.2088
ORD0093297,8.4,0.0005
ORD0093298,9.6,0.0068
ORD0093299,7.8,0.0018
ORD0093300,13.7,0.0005
ORD0093301,13.4,0.1236
ORD0093302,45.9,0.0003
ORD0093303,10.0,0.0001
ORD0093304,9.7,0.0001
ORD0093305,10.5,0.0002
ORD0093306,8.7,0.0002
ORD0093307,16.6,0.0001
ORD0093308,11.6,0.0
ORD0093309,7.6,0.0007
ORD0093310,7.4,0.0006
ORD0093311,11.0,0.0031
ORD0093312,9.4,0.0044
ORD0093313,14.6,0.0139
ORD0093314,16.3,0.0269
ORD0093315,15.7,0.1529
ORD0093316,12.4,0.3539
ORD0093317,27.1,0.0004
ORD0093318,20.0,0.0002
ORD0093319,11.0,0.5843
ORD0093320,12.4,0.0002
ORD0093321,12.0,0.0001
ORD0093322,25.6,0.001
ORD0093323,16.2,0.0031
ORD0093324,11.1,0.0004
ORD0093325,11.2,0.0006
ORD0093326,19.3,0.01
ORD0093327,19.3,0.0491
ORD0093328,14.1,0.0004
ORD0093329,12.4,0.0007
ORD0093330,10.7,0.0679
ORD0093331,10.5,0.2662
ORD0093332,14.4,0.3838
ORD0093333,14.7,0.6089
ORD0093334,6.8,0.001
ORD0093335,7.7,0.003
ORD0093336,10.3,0.0006
ORD0093337,11.6,0.0295
ORD0093338,12.1,0.0033
ORD0093339,12.3,0.1812
ORD0093340,29.6,0.0002
ORD0093341,19.6,0.0052
ORD0093342,11.9,0.0098
ORD0093343,16.4,0.0003
ORD0093344,12.1,0.0004
ORD0093345,14.5,0.0137
ORD0093346,15.1,0.0047
ORD0093347,16.5,0.0006
ORD0093348,13.5,0.0152
ORD0093349,11.1,0.0009
ORD0093350,10.9,0.0016
ORD0093351,9.3,0.0007
ORD0093352,10.7,0.1013
ORD0093353,10.0,0.0036
ORD0093354,18.0,0.001
ORD0093355,10.5,0.0042
ORD0093356,11.0,0.0035
ORD0093357,12.3,0.7427
ORD0093358,13.0,0.0011
ORD0093359,10.0,0.0023
ORD0093360,10.6,0.0006
ORD0093361,7.2,0.0189
ORD0093362,8.5,0.0654
ORD0093363,9.8,0.1083
ORD0093364,7.2,0.0064
ORD0093365,6.2,0.1173
ORD0093366,6.8,0.1763
ORD0093367,10.7,0.5287
ORD0093368,8.4,0.8288
ORD0093369,7.3,0.6822
ORD0093370,8.0,0.0003
ORD0093371,8.2,0.0001
ORD0093372,7.8,0.0006
ORD0093373,7.5,0.0001
ORD0093374,6.3,0.0001
ORD0093375,6.8,0.0001
ORD0093376,7.0,0.0016
ORD0093377,6.7,0.0002
ORD0093378,7.4,0.0068
ORD0093379,7.2,0.0002
ORD0093380,7.9,0.0384
ORD0093381,6.4,0.0002
ORD0093382,6.4,0.0001
ORD0093383,10.2,0.0003
ORD0093384,10.4,0.0003
ORD0093385,19.6,0.0003
ORD0093386,19.4,0.0002
ORD0093387,8.8,0.0007
ORD0093388,7.8,0.0006
ORD0093389,9.6,0.0025
ORD0093390,15.1,0.0003
ORD0093391,15.5,0.001
ORD0093392,13.9,0.0001
ORD0093393,13.6,0.0051
ORD0093394,13.3,0.0004
ORD0093395,9.6,0.0001
ORD0093396,8.0,0.0001
ORD0093397,12.4,0.0781
ORD0093398,15.9,0.0013
ORD0093399,11.1,0.0002
ORD0093400,11.7,0.0343
ORD0093401,12.4,0.1063
ORD0093402,5.7,0.0116
ORD0093403,5.7,0.0177
ORD0093404,9.5,0.1122
ORD0093405,7.2,0.2264
ORD0093406,16.0,0.3156
ORD0093407,12.7,0.4069
ORD0093408,9.2,0.0229
ORD0093409,7.7,0.0385
ORD0093410,9.5,0.2617
ORD0093411,9.2,0.5234
ORD0093412,15.8,0.064
ORD0093413,11.3,0.5821
ORD0093414,9.7,0.1351
ORD0093415,9.3,0.8369
ORD0093416,12.0,0.0011
ORD0093417,9.2,0.0007
ORD0093418,9.3,0.0016
ORD0093419,29.3,0.002
ORD0093420,14.2,0.0125
ORD0093421,11.6,0.0003
ORD0093422,13.3,0.0003
ORD0093423,11.4,0.0005
ORD0093424,15.2,0.0003
ORD0093425,14.3,0.0003
ORD0093426,18.9,0.004
ORD0093427,14.2,0.0037
ORD0093428,18.4,0.0011
ORD0093429,18.5,0.0002
ORD0093430,23.7,0.0027
ORD0093431,32.1,0.0801
ORD0093432,24.1,0.0021
ORD0093433,16.6,0.0003
ORD0093434,13.9,0.0007
ORD0093435,20.6,0.0005
ORD0093436,19.5,0.0149
ORD0093437,15.9,0.0331
ORD0093438,19.9,0.5667
ORD0093439,17.9,0.604
ORD0093440,21.6,0.0006
ORD0093441,17.6,0.0002
ORD0093442,18.9,0.1676
ORD0093443,21.5,0.7741
ORD0093444,15.1,0.0006
ORD0093445,14.3,0.0001
ORD0093446,14.8,0.0015
ORD0093447,20.7,0.0002
ORD0093448,14.3,0.0005
ORD0093449,12.4,0.0001
ORD0093450,14.1,0.0085
ORD0093451,20.1,0.0021
ORD0093452,17.5,0.0105
ORD0093453,19.6,0.0003
ORD0093454,31.4,0.0003
ORD0093455,32.2,0.0001
ORD0093456,17.1,0.1324
ORD0093457,15.9,0.0006
ORD0093458,19.9,0.0001
ORD0093459,76.4,0.0018
ORD0093460,81.4,0.0014
ORD0093461,24.1,0.0003
ORD0093462,33.8,0.0031
ORD0093463,26.8,0.0068
ORD0093464,17.5,0.0004
ORD0093465,15.3,0.0039
ORD0093466,26.9,0.023
ORD0093467,25.7,0.1594
ORD0093468,19.1,0.0007
ORD0093469,20.3,0.3959
ORD0093470,17.2,0.8098
ORD0093471,11.9,0.0017
ORD0093472,68.3,0.0005
ORD0093473,18.4,0.9434
ORD0093474,21.0,0.8362
ORD0093475,19.1,0.9611
ORD0093476,18.3,0.8712
ORD0093477,41.1,0.0864
ORD0093478,24.7,0.0202
ORD0093479,18.8,0.988
ORD0093480,18.5,0.9611
ORD0093481,26.1,0.4663
ORD0093482,33.3,0.1254
ORD0093483,18.3,0.9058
ORD0093484,16.4,0.493
ORD0093485,23.9,0.0005
ORD0093486,16.3,0.0017
ORD0093487,19.4,0.0004
ORD0093488,15.9,0.0169
ORD0093489,14.8,0.0038
ORD0093490,15.5,0.0598
ORD0093491,17.1,0.0022
ORD0093492,15.5,0.0009
ORD0093493,16.7,0.0305
ORD0093494,11.3,0.002
ORD0093495,13.6,0.3791
ORD0093496,10.7,0.0042
ORD0093497,14.9,0.1046
ORD0093498,11.1,0.1711
ORD0093499,15.4,0.4857
ORD0093500,12.5,0.906
ORD0093501,11.7,0.6176
ORD0093502,12.0,0.0002
ORD0093503,11.9,0.0005
ORD0093504,12.6,0.0013
ORD0093505,11.7,0.0003
ORD0093506,11.4,0.0001
ORD0093507,12.6,0.0011
ORD0093508,12.0,0.0036
ORD0093509,12.1,0.001
ORD0093510,12.4,0.0216
ORD0093511,12.0,0.0038
ORD0093512,12.1,0.1325
ORD0093513,11.1,0.0031
ORD0093514,11.1,0.0005
ORD0093515,16.9,0.0004
ORD0093516,19.2,0.6978
ORD0093517,24.9,0.0004
ORD0093518,23.9,0.5639
ORD0093519,11.9,0.0011
ORD0093520,14.3,0.0041
ORD0093521,13.8,0.9607
ORD0093522,40.7,0.0004
ORD0093523,118.2,0.1403
ORD0093524,68.9,0.0009
ORD0093525,19.8,0.0008
ORD0093526,21.7,0.003
ORD0093527,18.8,0.0003
ORD0093528,21.7,0.0206
ORD0093529,16.7,0.0001
ORD0093530,13.9,0.0001
ORD0093531,21.3,0.2761
ORD0093532,20.0,0.0014
ORD0093533,14.4,0.0003
ORD0093534,20.4,0.0002
ORD0093535,18.7,0.1067
ORD0093536,14.9,0.0188
ORD0093537,12.6,0.0082
ORD0093538,11.1,0.0094
ORD0093539,16.3,0.2454
ORD0093540,13.8,0.043
ORD0093541,21.8,0.5635
ORD0093542,19.1,0.2077
ORD0093543,18.2,0.0238
ORD0093544,13.4,0.1143
ORD0093545,19.0,0.8995
ORD0093546,13.6,0.2192
ORD0093547,13.0,0.0697
ORD0093548,24.5,0.2079
ORD0093549,24.7,0.5487
ORD0093550,18.4,0.3611
ORD0093551,14.4,0.1755
ORD0093552,21.5,0.0011
ORD0093553,15.5,0.0006
ORD0093554,16.2,0.0085
ORD0093555,20.3,0.0013
ORD0093556,61.9,0.0649
ORD0093557,21.8,0.451
ORD0093558,22.1,0.003
ORD0093559,56.2,0.0017
ORD0093560,10.2,0.0002
ORD0093561,11.2,0.0096
ORD0093562,11.7,0.0006
ORD0093563,12.4,0.2334
ORD0093564,13.2,0.0003
ORD0093565,14.1,0.1605
ORD0093566,12.9,0.0164
ORD0093567,12.3,0.0004
ORD0093568,16.8,0.0013
ORD0093569,13.1,0.0017
ORD0093570,21.7,0.0026
ORD0093571,21.5,0.0596
ORD0093572,26.5,0.0178
ORD0093573,15.4,0.0003
ORD0093574,12.7,0.0003
ORD0093575,13.5,0.004
ORD0093576,12.2,0.0069
ORD0093577,14.9,0.0006
ORD0093578,14.8,0.0004
ORD0093579,17.9,0.3166
ORD0093580,23.5,0.709
ORD0093581,15.3,0.4217
ORD0093582,17.7,0.0007
ORD0093583,13.9,0.0009
ORD0093584,23.6,0.944
ORD0093585,24.1,0.9064
ORD0093586,70.7,0.0024
ORD0093587,72.6,0.1179
ORD0093588,54.6,0.001
ORD0093589,44.9,0.0041
ORD0093590,30.3,0.0003
ORD0093591,51.4,0.0003
ORD0093592,13.3,0.0015
ORD0093593,12.3,0.0019
ORD0093594,15.4,0.006
ORD0093595,14.0,0.0071
ORD0093596,23.9,0.0013
ORD0093597,20.7,0.0004
ORD0093598,13.6,0.065
ORD0093599,15.5,0.0799
ORD0093600,18.7,0.8148
ORD0093601,23.3,0.0225
ORD0093602,18.3,0.7993
ORD0093603,34.0,0.0088
ORD0093604,20.3,0.9814
ORD0093605,15.3,0.2659
ORD0093606,16.6,0.0007
ORD0093607,18.3,0.001
ORD0093608,27.0,0.0583
ORD0093609,16.9,0.0005
ORD0093610,12.8,0.0002
ORD0093611,30.7,0.6733
ORD0093612,22.4,0.0018
ORD0093613,18.9,0.0017
ORD0093614,18.6,0.0008
ORD0093615,19.3,0.9546
ORD0093616,22.2,0.9849
ORD0093617,16.2,0.0093
ORD0093618,10.4,0.0237
ORD0093619,9.5,0.001
ORD0093620,13.7,0.0054
ORD0093621,14.2,0.0042
ORD0093622,16.6,0.0153
ORD0093623,16.7,0.011
ORD0093624,27.8,0.0002
ORD0093625,27.1,0.0002
ORD0093626,18.0,0.0894
ORD0093627,16.6,0.053
ORD0093628,22.1,0.0006
ORD0093629,20.0,0.0005
ORD0093630,21.3,0.0016
ORD0093631,14.4,0.0015
ORD0093632,21.2,0.2761
ORD0093633,19.2,0.0385
ORD0093634,16.7,0.6808
ORD0093635,18.0,0.1754
ORD0093636,16.1,0.0764
ORD0093637,15.5,0.006
ORD0093638,16.4,0.9231
ORD0093639,13.1,0.6282
ORD0093640,11.9,0.0141
ORD0093641,13.3,0.0065
ORD0093642,16.0,0.0003
ORD0093643,16.7,0.0021
ORD0093644,15.9,0.0063
ORD0093645,17.2,0.0013
ORD0093646,12.2,0.222
ORD0093647,14.4,0.8819
ORD0093648,13.4,0.0264
ORD0093649,9.6,0.0113
ORD0093650,11.9,0.0725
ORD0093651,12.6,0.0293
ORD0093652,11.1,0.4336
ORD0093653,9.9,0.0003
ORD0093654,9.6,0.0002
ORD0093655,11.4,0.0001
ORD0093656,11.3,0.0001
ORD0093657,10.7,0.0001
ORD0093658,9.7,0.0003
ORD0093659,11.7,0.0001
ORD0093660,9.0,0.0001
ORD0093661,10.3,0.0002
ORD0093662,9.5,0.0005
ORD0093663,11.0,0.0003
ORD0093664,9.5,0.0021
ORD0093665,9.8,0.0004
ORD0093666,9.4,0.0029
ORD0093667,8.9,0.0002
ORD0093668,17.1,0.0004
ORD0093669,15.7,0.0004
ORD0093670,27.3,0.0002
ORD0093671,10.6,0.0005
ORD0093672,13.3,0.0011
ORD0093673,12.5,0.0008
ORD0093674,26.5,0.0002
ORD0093675,58.5,0.0017
ORD0093676,49.2,0.0029
ORD0093677,41.2,0.0003
ORD0093678,57.4,0.0003
ORD0093679,37.7,0.0002
ORD0093680,50.3,0.0003
ORD0093681,19.5,0.0006
ORD0093682,15.7,0.0001
ORD0093683,25.7,0.0045
ORD0093684,22.6,0.0004
ORD0093685,21.9,0.0564
ORD0093686,18.3,0.0002
ORD0093687,19.8,0.7628
ORD0093688,19.4,0.001
ORD0093689,16.2,0.0006
ORD0093690,21.9,0.7496
ORD0093691,11.7,0.4243
ORD0093692,14.4,0.9431
ORD0093693,13.0,0.2702
ORD0093694,26.2,0.9652
ORD0093695,17.3,0.4776
ORD0093696,20.8,0.5706
ORD0093697,14.4,0.1068
ORD0093698,13.3,0.1802
ORD0093699,14.8,0.8408
ORD0093700,14.1,0.5049
ORD0093701,11.7,0.1642
ORD0093702,20.1,0.5877
ORD0093703,17.7,0.7576
ORD0093704,16.3,0.967
ORD0093705,16.5,0.0005
ORD0093706,15.8,0.0018
ORD0093707,16.9,0.0004
ORD0093708,41.1,0.0032
ORD0093709,43.2,0.0006
ORD0093710,23.3,0.0219
ORD0093711,21.7,0.0009
ORD0093712,10.3,0.0002
ORD0093713,10.2,0.0002
ORD0093714,10.0,0.0008
ORD0093715,10.0,0.0012
ORD0093716,12.7,0.0004
ORD0093717,13.5,0.0005
ORD0093718,16.1,0.0054
ORD0093719,12.5,0.0508
ORD0093720,18.2,0.0009
ORD0093721,17.7,0.0026
ORD0093722,27.7,0.0016
ORD0093723,28.7,0.0045
ORD0093724,25.5,0.6626
ORD0093725,15.9,0.0003
ORD0093726,13.2,0.0003
ORD0093727,14.0,0.0026
ORD0093728,13.9,0.0209
ORD0093729,17.5,0.0009
ORD0093730,19.9,0.0974
ORD0093731,14.5,0.5933
ORD0093732,20.9,0.0004
ORD0093733,19.1,0.0011
ORD0093734,23.3,0.9481
ORD0093735,102.9,0.0011
ORD0093736,55.3,0.0013
ORD0093737,103.4,0.0013
ORD0093738,13.8,0.0003
ORD0093739,14.7,0.0014
ORD0093740,12.0,0.0002
ORD0093741,25.7,0.0001
ORD0093742,15.6,0.0056
ORD0093743,10.6,0.0017
ORD0093744,12.7,0.0779
ORD0093745,14.6,0.003
ORD0093746,19.1,0.0001
ORD0093747,20.8,0.0249
ORD0093748,19.8,0.0003
ORD0093749,45.4,0.0001
ORD0093750,38.9,0.0003
ORD0093751,15.4,0.5568
ORD0093752,20.6,0.0004
ORD0093753,17.8,0.0001
ORD0093754,102.2,0.0002
ORD0093755,54.9,0.0006
ORD0093756,34.6,0.007
ORD0093757,19.1,0.0004
ORD0093758,22.6,0.124
ORD0093759,19.8,0.001
ORD0093760,22.7,0.0013
ORD0093761,17.8,0.8005
ORD0093762,11.7,0.0795
ORD0093763,17.6,0.8914
ORD0093764,10.5,0.0031
ORD0093765,12.9,0.0344
ORD0093766,16.8,0.0331
ORD0093767,17.5,0.1442
ORD0093768,27.6,0.0005
ORD0093769,18.8,0.5006
ORD0093770,16.7,0.0005
ORD0093771,21.0,0.0025
ORD0093772,24.9,0.0005
ORD0093773,17.5,0.0142
ORD0093774,62.6,0.0041
ORD0093775,46.5,0.0005
ORD0093776,23.0,0.0004
ORD0093777,17.7,0.0008
ORD0093778,17.7,0.0002
ORD0093779,20.8,0.0003
ORD0093780,14.6,0.0142
ORD0093781,13.7,0.0003
ORD0093782,49.6,0.0005
ORD0093783,13.9,0.0008
ORD0093784,14.8,0.015
ORD0093785,21.7,0.0004
ORD0093786,16.5,0.0031
ORD0093787,14.7,0.0016
ORD0093788,15.6,0.0015
ORD0093789,10.5,0.0031
ORD0093790,12.9,0.0058
ORD0093791,28.4,0.0019
ORD0093792,39.4,0.0011
ORD0093793,28.4,0.0007
ORD0093794,10.2,0.0102
ORD0093795,13.0,0.0305
ORD0093796,15.0,0.933
ORD0093797,10.2,0.1818
ORD0093798,12.3,0.0001
ORD0093799,9.5,0.0005
ORD0093800,10.2,0.0031
ORD0093801,11.0,0.0002
ORD0093802,10.6,0.0002
ORD0093803,9.8,0.0445
ORD0093804,13.5,0.8395
ORD0093805,9.3,0.0008
ORD0093806,10.8,0.0002
ORD0093807,9.0,0.0002
ORD0093808,8.6,0.0024
ORD0093809,11.7,0.6027
ORD0093810,8.4,0.0003
ORD0093811,14.2,0.0017
ORD0093812,16.1,0.0005
ORD0093813,24.6,0.0006
ORD0093814,27.5,0.0003
ORD0093815,12.6,0.016
ORD0093816,14.5,0.0006
ORD0093817,19.7,0.1927
ORD0093818,18.8,0.0003
ORD0093819,17.7,0.0002
ORD0093820,24.5,0.0016
ORD0093821,18.6,0.0196
ORD0093822,16.1,0.0007
ORD0093823,16.9,0.0001
ORD0093824,19.0,0.3161
ORD0093825,16.1,0.0003
ORD0093826,15.5,0.0002
ORD0093827,17.0,0.1205
ORD0093828,11.5,0.0055
ORD0093829,12.6,0.0144
ORD0093830,12.3,0.3505
ORD0093831,26.1,0.7683
ORD0093832,16.8,0.0135
ORD0093833,18.4,0.0283
ORD0093834,11.9,0.04
ORD0093835,11.7,0.115
ORD0093836,11.7,0.1756
ORD0093837,20.8,0.7045
ORD0093838,17.2,0.1068
ORD0093839,13.8,0.9447
ORD0093840,74.9,0.0538
ORD0093841,17.4,0.0008
ORD0093842,13.3,0.0075
ORD0093843,14.2,0.0018
ORD0093844,16.3,0.0304
ORD0093845,58.8,0.0175
ORD0093846,43.3,0.4966
ORD0093847,19.2,0.0976
ORD0093848,24.6,0.8649
ORD0093849,16.5,0.8938
ORD0093850,19.0,0.9891
ORD0093851,15.1,0.3753
ORD0093852,19.4,0.9861
ORD0093853,14.8,0.0849
ORD0093854,18.1,0.0106
ORD0093855,15.3,0.0015
ORD0093856,19.8,0.001
ORD0093857,19.0,0.0014
ORD0093858,26.1,0.0029
ORD0093859,25.5,0.0288
ORD0093860,37.9,0.0112
ORD0093861,25.3,0.2093
ORD0093862,18.3,0.0007
ORD0093863,16.8,0.0039
ORD0093864,17.0,0.0048
ORD0093865,21.6,0.0017
ORD0093866,16.3,0.0004
ORD0093867,20.2,0.0396
ORD0093868,19.6,0.1433
ORD0093869,16.6,0.0027
ORD0093870,28.2,0.0008
ORD0093871,18.4,0.0006
ORD0093872,21.5,0.6815
ORD0093873,27.8,0.8882
ORD0093874,17.2,0.0013
ORD0093875,17.6,0.0067
ORD0093876,14.4,0.0005
ORD0093877,23.7,0.0002
ORD0093878,23.6,0.0002
ORD0093879,16.0,0.0314
ORD0093880,15.6,0.0014
ORD0093881,18.9,0.0012
ORD0093882,17.9,0.0046
ORD0093883,22.0,0.0045
ORD0093884,30.5,0.1179
ORD0093885,21.8,0.0276
ORD0093886,37.6,0.0006
ORD0093887,33.5,0.0032
ORD0093888,18.0,0.4263
ORD0093889,20.2,0.5369
ORD0093890,17.4,0.0006
ORD0093891,23.3,0.0012
ORD0093892,108.5,0.0006
ORD0093893,26.8,0.0602
ORD0093894,28.1,0.0054
ORD0093895,17.5,0.0006
ORD0093896,17.6,0.0005
ORD0093897,29.5,0.7261
ORD0093898,18.9,0.0025
ORD0093899,19.4,0.9766
ORD0093900,16.1,0.0471
ORD0093901,25.2,0.993
ORD0093902,18.7,0.238
ORD0093903,14.3,0.0191
ORD0093904,14.0,0.0011
ORD0093905,21.2,0.6288
ORD0093906,24.2,0.8603
ORD0093907,35.9,0.0017
ORD0093908,30.7,0.0004
ORD0093909,24.6,0.9834
ORD0093910,30.1,0.0166
ORD0093911,22.5,0.1743
ORD0093912,21.6,0.0008
ORD0093913,27.3,0.0681
ORD0093914,25.1,0.0011
ORD0093915,24.5,0.3243
ORD0093916,18.3,0.0077
ORD0093917,23.7,0.0166
ORD0093918,16.5,0.0005
ORD0093919,22.0,0.8691
ORD0093920,14.7,0.0003
ORD0093921,16.0,0.01
ORD0093922,24.6,0.0003
ORD0093923,21.9,0.0027
ORD0093924,18.2,0.0004
ORD0093925,16.6,0.0016
ORD0093926,18.1,0.0979
ORD0093927,14.7,0.007
ORD0093928,17.3,0.7696
ORD0093929,37.4,0.0035
ORD0093930,18.1,0.1784
ORD0093931,19.7,0.5727
ORD0093932,17.8,0.0414
ORD0093933,15.8,0.9536
ORD0093934,12.9,0.2735
ORD0093935,14.3,0.0008
ORD0093936,13.3,0.0357
ORD0093937,13.9,0.0003
ORD0093938,13.6,0.001
ORD0093939,13.6,0.0012
ORD0093940,14.6,0.4255
ORD0093941,12.3,0.0005
ORD0093942,12.5,0.0012
ORD0093943,13.1,0.0106
ORD0093944,14.6,0.1587
ORD0093945,15.7,0.9073
ORD0093946,14.6,0.6183
ORD0093947,12.3,0.0012
ORD0093948,13.4,0.0084
ORD0093949,20.7,0.2517
ORD0093950,27.9,0.0651
ORD0093951,14.9,0.7923
ORD0093952,17.5,0.0198
ORD0093953,20.4,0.9782
ORD0093954,15.1,0.2047
ORD0093955,21.0,0.0014
ORD0093956,22.2,0.0038
ORD0093957,22.1,0.0065
ORD0093958,29.2,0.1267
ORD0093959,23.8,0.0248
ORD0093960,27.9,0.7737
ORD0093961,19.0,0.0001
ORD0093962,14.9,0.0006
ORD0093963,24.3,0.4421
ORD0093964,24.6,0.9792
ORD0093965,22.9,0.0004
ORD0093966,23.0,0.002
ORD0093967,42.2,0.0007
ORD0093968,20.5,0.2356
ORD0093969,18.8,0.4821
ORD0093970,15.4,0.0122
ORD0093971,12.7,0.0617
ORD0093972,19.1,0.6733
ORD0093973,20.2,0.8825
ORD0093974,33.0,0.9302
ORD0093975,23.3,0.0435
ORD0093976,16.8,0.2091
ORD0093977,34.6,0.0207
ORD0093978,16.9,0.0823
ORD0093979,17.8,0.9592
ORD0093980,15.8,0.237
ORD0093981,31.7,0.095
ORD0093982,27.4,0.7984
ORD0093983,18.7,0.219
ORD0093984,20.2,0.0013
ORD0093985,20.2,0.0033
ORD0093986,19.6,0.0005
ORD0093987,51.3,0.0229
ORD0093988,34.7,0.0013
ORD0093989,25.7,0.2853
ORD0093990,9.8,0.0002
ORD0093991,9.9,0.0005
ORD0093992,14.0,0.0003
ORD0093993,12.7,0.0018
ORD0093994,15.1,0.0004
ORD0093995,26.7,0.0326
ORD0093996,18.2,0.0018
ORD0093997,29.4,0.6579
ORD0093998,23.3,0.0077
ORD0093999,16.9,0.0006
ORD0094000,11.3,0.0003
ORD0094001,12.1,0.0008
ORD0094002,17.6,0.0024
ORD0094003,16.4,0.0007
ORD0094004,17.7,0.0141
ORD0094005,16.8,0.0412
ORD0094006,16.4,0.9527
ORD0094007,14.4,0.2997
ORD0094008,21.7,0.0205
ORD0094009,20.0,0.0757
ORD0094010,21.0,0.8632
ORD0094011,13.0,0.0007
ORD0094012,11.8,0.0011
ORD0094013,12.2,0.0031
ORD0094014,22.8,0.0003
ORD0094015,19.7,0.0006
ORD0094016,11.8,0.0022
ORD0094017,12.9,0.0167
ORD0094018,14.2,0.0085
ORD0094019,18.3,0.0101
ORD0094020,17.6,0.2061
ORD0094021,18.7,0.1474
ORD0094022,19.8,0.9159
ORD0094023,27.8,0.0009
ORD0094024,13.7,0.8724
ORD0094025,14.4,0.9828
ORD0094026,14.1,0.0004
ORD0094027,24.6,0.9942
ORD0094028,20.4,0.9775
ORD0094029,18.4,0.4009
ORD0094030,23.5,0.9979
ORD0094031,24.9,0.9965
ORD0094032,19.6,0.9194
ORD0094033,20.6,0.8554
ORD0094034,17.2,0.9993
ORD0094035,16.2,0.9986
ORD0094036,19.8,0.9995
ORD0094037,19.2,0.9991
ORD0094038,15.3,0.9899
ORD0094039,46.1,0.022
ORD0094040,36.8,0.0187
ORD0094041,13.4,0.0339
ORD0094042,16.5,0.1101
ORD0094043,13.8,0.1245
ORD0094044,16.3,0.6344
ORD0094045,27.9,0.001
ORD0094046,17.1,0.6363
ORD0094047,18.7,0.9465
ORD0094048,29.1,0.0032
ORD0094049,18.4,0.0642
ORD0094050,13.9,0.0148
ORD0094051,20.7,0.001
ORD0094052,21.0,0.001
ORD0094053,13.2,0.0019
ORD0094054,13.9,0.0014
ORD0094055,12.8,0.0011
ORD0094056,13.6,0.0107
ORD0094057,12.9,0.0015
ORD0094058,11.2,0.0228
ORD0094059,16.4,0.0004
ORD0094060,14.6,0.0041
ORD0094061,13.4,0.0601
ORD0094062,12.0,0.0493
ORD0094063,13.7,0.64
ORD0094064,10.2,0.641
ORD0094065,8.9,0.7217
ORD0094066,11.5,0.7684
ORD0094067,11.5,0.9128
ORD0094068,13.4,0.9225
ORD0094069,11.8,0.9842
ORD0094070,10.6,0.9863
ORD0094071,10.5,0.0017
ORD0094072,11.2,0.0002
ORD0094073,11.6,0.0002
ORD0094074,11.9,0.0107
ORD0094075,12.1,0.001
ORD0094076,10.2,0.0007
ORD0094077,10.0,0.0003
ORD0094078,11.0,0.0969
ORD0094079,11.4,0.574
ORD0094080,11.8,0.9192
ORD0094081,9.4,0.002
ORD0094082,9.1,0.0002
ORD0094083,15.8,0.0007
ORD0094084,27.1,0.0005
ORD0094085,29.0,0.0306
ORD0094086,11.7,0.0024
ORD0094087,15.5,0.1351
ORD0094088,16.2,0.0101
ORD0094089,11.4,0.9427
ORD0094090,20.6,0.001
ORD0094091,21.0,0.001
ORD0094092,23.8,0.0033
ORD0094093,19.1,0.0173
ORD0094094,19.3,0.0042
ORD0094095,14.7,0.0002
ORD0094096,12.6,0.0002
ORD0094097,20.5,0.3593
ORD0094098,13.8,0.0005
ORD0094099,15.6,0.0005
ORD0094100,101.0,0.0003
ORD0094101,22.3,0.3967
ORD0094102,11.2,0.0935
ORD0094103,11.5,0.217
ORD0094104,14.9,0.586
ORD0094105,26.8,0.9727
ORD0094106,22.0,0.1766
ORD0094107,22.6,0.7743
ORD0094108,17.0,0.4352
ORD0094109,10.9,0.1051
ORD0094110,16.2,0.7781
ORD0094111,12.8,0.7167
ORD0094112,24.7,0.5939
ORD0094113,18.3,0.8605
ORD0094114,14.4,0.3425
ORD0094115,83.7,0.2307
ORD0094116,20.2,0.375
ORD0094117,15.5,0.0202
ORD0094118,21.3,0.922
ORD0094119,48.8,0.9951
ORD0094120,44.8,0.1887
ORD0094121,26.2,0.9978
ORD0094122,26.2,0.927
ORD0094123,9.3,0.0002
ORD0094124,9.1,0.0002
ORD0094125,9.2,0.001
ORD0094126,8.8,0.0004
ORD0094127,11.4,0.0007
ORD0094128,12.4,0.0005
ORD0094129,16.1,0.0172
ORD0094130,17.3,0.0764
ORD0094132,36.8,0.8517
ORD0094133,11.6,0.0007
ORD0094134,11.0,0.0001
ORD0094135,10.5,0.0002
ORD0094137,11.8,0.0001
ORD0094139,22.6,0.9895
ORD0094141,12.4,0.0017
ORD0094143,16.0,0.0055
ORD0094144,14.4,0.005
ORD0094145,56.2,0.0009
ORD0094146,51.4,0.0009
ORD0094147,36.9,0.0006
ORD0094148,12.7,0.0095
ORD0094149,11.0,0.0005
ORD0094150,13.4,0.1579
ORD0094151,11.3,0.0014
ORD0094152,18.9,0.0004
ORD0094153,17.9,0.0001
ORD0094154,12.7,0.1451
ORD0094155,10.9,0.0289
ORD0094156,12.7,0.8734
ORD0094157,14.2,0.3991
ORD0094158,19.3,0.869
ORD0094159,22.9,0.9419
ORD0094160,16.8,0.9864
ORD0094161,18.6,0.789
ORD0094162,19.1,0.003
ORD0094163,22.5,0.0148
ORD0094164,13.5,0.9917
ORD0094165,14.3,0.0013
ORD0094166,14.9,0.0003
ORD0094167,24.5,0.003
ORD0094168,20.6,0.0013
ORD0094169,13.7,0.0003
ORD0094170,11.4,0.0001
ORD0094171,25.1,0.122
ORD0094172,19.8,0.0084
ORD0094173,13.8,0.0005
ORD0094174,16.3,0.0003
ORD0094175,15.9,0.7002
ORD0094176,10.9,0.1512
ORD0094177,17.5,0.9762
ORD0094178,16.7,0.8516
ORD0094179,8.5,0.0054
ORD0094180,8.2,0.0009
ORD0094181,48.4,0.0003
ORD0094182,14.0,0.9523
ORD0094183,15.7,0.6825
ORD0094184,17.6,0.9698
ORD0094185,14.2,0.8477
ORD0094186,28.3,0.1114
ORD0094187,22.4,0.0563
ORD0094188,16.0,0.9914
ORD0094189,21.2,0.643
ORD0094190,18.1,0.906
ORD0094191,17.4,0.3922
ORD0094192,18.6,0.001
ORD0094193,19.6,0.022
ORD0094194,13.2,0.0021
ORD0094195,12.7,0.1206
ORD0094196,14.9,0.0011
ORD0094197,10.5,0.0201
ORD0094198,11.8,0.0078
ORD0094199,13.8,0.5935
ORD0094200,10.7,0.0183
ORD0094201,8.8,0.0161
ORD0094202,14.5,0.0054
ORD0094203,14.6,0.0068
ORD0094204,12.4,0.0028
ORD0094205,10.3,0.0027
ORD0094206,8.8,0.0003
ORD0094207,9.7,0.1403
ORD0094208,9.5,0.0847
ORD0094209,11.1,0.4323
ORD0094210,8.1,0.5537
ORD0094211,7.4,0.4875
ORD0094212,12.3,0.9268
ORD0094213,10.9,0.9921
ORD0094214,8.8,0.9034
ORD0094215,9.9,0.0614
ORD0094216,9.8,0.0032
ORD0094217,11.8,0.2651
ORD0094218,10.8,0.0047
ORD0094219,9.3,0.0032
ORD0094220,7.6,0.0012
ORD0094221,10.1,0.5472
ORD0094222,10.1,0.0077
ORD0094223,10.4,0.9248
ORD0094224,10.1,0.0193
ORD0094225,10.1,0.9802
ORD0094226,9.5,0.0127
ORD0094227,9.1,0.002
ORD0094228,13.0,0.0044
ORD0094229,13.6,0.0059
ORD0094230,22.2,0.0038
ORD0094231,25.6,0.0048
ORD0094232,10.6,0.0129
ORD0094233,18.6,0.0659
ORD0094234,14.7,0.2341
ORD0094235,17.4,0.0003
ORD0094236,14.2,0.0005
ORD0094237,15.9,0.0001
ORD0094238,17.2,0.0045
ORD0094239,16.8,0.0008
ORD0094240,13.5,0.0001
ORD0094241,9.6,0.0001
ORD0094242,14.5,0.0651
ORD0094243,17.8,0.0046
ORD0094244,12.5,0.0001
ORD0094245,14.2,0.135
ORD0094246,13.0,0.1084
ORD0094247,8.4,0.0232
ORD0094248,9.3,0.0311
ORD0094249,10.5,0.344
ORD0094250,8.3,0.4293
ORD0094251,22.4,0.7376
ORD0094252,23.2,0.7044
ORD0094253,13.8,0.0548
ORD0094254,9.8,0.0514
ORD0094255,10.9,0.1028
ORD0094256,10.1,0.1683
ORD0094257,22.3,0.6012
ORD0094258,10.7,0.3366
ORD0094259,14.7,0.9106
ORD0094260,11.8,0.4201
ORD0094261,12.8,0.0019
ORD0094262,11.3,0.0015
ORD0094263,11.8,0.005
ORD0094264,43.2,0.0233
ORD0094265,16.4,0.1205
ORD0094266,12.3,0.9171
ORD0094267,12.1,0.6472
ORD0094268,12.4,0.9968
ORD0094269,15.3,0.9959
ORD0094270,14.5,0.9793
ORD0094271,13.7,0.025
ORD0094272,12.3,0.0028
ORD0094273,17.5,0.0439
ORD0094275,20.4,0.3101
ORD0094276,30.1,0.2374
ORD0094278,15.9,0.0012
ORD0094279,14.3,0.1871
ORD0094280,17.1,0.0014
ORD0094281,19.8,0.9604
ORD0094282,12.4,0.0129
ORD0094283,17.3,0.9195
ORD0094284,10.9,0.1015
ORD0094285,16.3,0.0086
ORD0094286,19.3,0.0169
ORD0094287,21.0,0.9893
ORD0094289,12.9,0.9548
ORD0094290,12.3,0.0595
ORD0094291,15.3,0.9968
ORD0094292,19.2,0.0047
ORD0094293,12.0,0.1008
ORD0094294,11.6,0.7695
ORD0094295,16.7,0.5644
ORD0094296,17.1,0.8142
ORD0094297,20.4,0.9824
ORD0094298,18.7,0.9802
ORD0094299,24.2,0.015
ORD0094300,27.3,0.1087
ORD0094301,15.8,0.988
ORD0094302,15.7,0.9989
ORD0094303,14.7,0.8541
ORD0094304,90.0,0.2123
ORD0094305,67.8,0.248
ORD0094306,40.6,0.0074
ORD0094307,22.1,0.0019
ORD0094308,19.5,0.0013
ORD0094309,14.1,0.0002
ORD0094310,13.1,0.0008
ORD0094311,21.5,0.0282
ORD0094312,19.5,0.0102
ORD0094313,16.9,0.0004
ORD0094314,12.5,0.3738
ORD0094315,16.0,0.8773
ORD0094316,10.5,0.0013
ORD0094317,71.2,0.0003
ORD0094318,14.0,0.0295
ORD0094319,12.7,0.0079
ORD0094320,16.1,0.1518
ORD0094321,13.3,0.011
ORD0094322,25.0,0.0017
ORD0094323,24.4,0.001
ORD0094324,15.2,0.3927
ORD0094325,14.9,0.0998
ORD0094326,26.2,0.0047
ORD0094327,20.3,0.0018
ORD0094328,13.2,0.0094
ORD0094329,14.5,0.004
ORD0094330,23.6,0.0014
ORD0094331,11.4,0.0061
ORD0094332,19.7,0.0014
ORD0094333,13.3,0.0163
ORD0094334,10.2,0.0115
ORD0094335,16.5,0.0039
ORD0094336,12.2,0.0016
ORD0094337,13.6,0.0056
ORD0094338,11.9,0.044
ORD0094339,10.6,0.0093
ORD0094340,10.7,0.0077
ORD0094341,8.7,0.0297
ORD0094342,11.4,0.3067
ORD0094343,12.5,0.9128
ORD0094344,12.0,0.7114
ORD0094345,11.6,0.9776
ORD0094346,11.6,0.9949
ORD0094347,10.4,0.0004
ORD0094348,9.9,0.0001
ORD0094349,11.2,0.0001
ORD0094350,10.8,0.0007
ORD0094351,8.8,0.0001
ORD0094352,10.3,0.0022
ORD0094353,10.1,0.0001
ORD0094354,10.4,0.0083
ORD0094355,10.3,0.0003
ORD0094356,10.2,0.0412
ORD0094357,9.6,0.0003
ORD0094358,9.2,0.0001
ORD0094359,9.2,0.0001
ORD0094360,15.7,0.0004
ORD0094361,13.6,0.0007
ORD0094362,25.5,0.0002
ORD0094363,21.7,0.0003
ORD0094364,11.6,0.0011
ORD0094365,17.0,0.0035
ORD0094366,13.6,0.0031
ORD0094367,90.9,0.1663
ORD0094368,57.4,0.0005
ORD0094369,19.6,0.002
ORD0094370,17.3,0.0132
ORD0094371,19.0,0.0007
ORD0094372,22.4,0.5695
ORD0094373,15.2,0.0002
ORD0094374,11.6,0.0001
ORD0094375,17.7,0.9854
ORD0094376,20.7,0.0043
ORD0094377,12.5,0.0013
ORD0094378,15.2,0.0003
ORD0094379,18.6,0.2592
ORD0094380,11.1,0.0306
ORD0094381,10.9,0.0481
ORD0094382,7.8,0.0128
ORD0094383,14.3,0.4408
ORD0094384,11.5,0.1077
ORD0094385,24.7,0.8378
ORD0094386,18.5,0.2988
ORD0094387,12.1,0.1054
ORD0094388,11.4,0.0966
ORD0094389,12.3,0.1899
ORD0094390,12.5,0.3611
ORD0094391,11.3,0.3074
ORD0094392,24.5,0.0995
ORD0094393,13.7,0.2054
ORD0094394,14.8,0.1688
ORD0094395,11.3,0.3623
ORD0094396,15.7,0.0123
ORD0094397,12.9,0.1095
ORD0094398,15.9,0.0684
ORD0094399,17.4,0.542
ORD0094400,46.3,0.444
ORD0094401,22.9,0.8865
ORD0094402,23.5,0.9199
ORD0094403,33.3,0.0008
ORD0094404,12.2,0.0002
ORD0094405,13.7,0.1013
ORD0094406,11.3,0.0008
ORD0094407,15.1,0.968
ORD0094408,14.9,0.0005
ORD0094409,17.3,0.9855
ORD0094410,16.2,0.0002
ORD0094411,12.7,0.0003
ORD0094412,16.7,0.051
ORD0094413,20.4,0.0769
ORD0094414,22.3,0.3337
ORD0094415,19.8,0.1841
ORD0094416,35.0,0.9667
ORD0094417,16.5,0.0003
ORD0094418,12.6,0.0003
ORD0094419,13.6,0.0001
ORD0094421,17.1,0.0011
ORD0094423,26.4,0.995
ORD0094425,14.3,0.0005
ORD0094426,23.6,0.0077
ORD0094427,15.0,0.0019
ORD0094428,17.0,0.001
ORD0094430,75.0,0.0033
ORD0094431,63.5,0.0021
ORD0094432,63.0,0.0033
ORD0094433,63.4,0.0025
ORD0094434,32.8,0.0003
ORD0094435,59.3,0.0003
ORD0094436,14.6,0.0002
ORD0094437,13.1,0.0008
ORD0094438,15.0,0.0015
ORD0094439,17.4,0.0041
ORD0094440,22.1,0.0001
ORD0094441,21.4,0.0001
ORD0094442,10.3,0.0043
ORD0094443,15.4,0.0222
ORD0094444,25.8,0.5062
ORD0094445,23.0,0.0249
ORD0094446,23.3,0.9812
ORD0094447,38.4,0.0115
ORD0094448,16.7,0.9947
ORD0094449,19.4,0.4724
ORD0094450,15.8,0.0009
ORD0094451,14.5,0.0003
ORD0094452,30.7,0.4385
ORD0094453,16.0,0.0011
ORD0094454,15.0,0.0012
ORD0094455,30.1,0.925
ORD0094456,24.8,0.7206
ORD0094457,22.1,0.0062
ORD0094458,22.1,0.0252
ORD0094459,21.1,0.9923
ORD0094460,24.2,0.998
ORD0094461,21.5,0.9686
ORD0094462,12.6,0.2606
ORD0094463,14.2,0.4752
ORD0094464,18.1,0.6987
ORD0094465,18.1,0.8734
ORD0094466,19.3,0.924
ORD0094467,19.1,0.9532
ORD0094468,29.7,0.0243
ORD0094469,28.2,0.0215
ORD0094470,19.5,0.9798
ORD0094471,20.3,0.9862
ORD0094472,21.5,0.0665
ORD0094473,20.8,0.177
ORD0094474,25.9,0.5307
ORD0094475,17.8,0.7846
ORD0094476,24.7,0.0112
ORD0094477,22.4,0.0011
ORD0094478,15.4,0.0317
ORD0094479,15.9,0.0019
ORD0094480,19.5,0.0035
ORD0094481,14.4,0.0009
ORD0094482,16.2,0.3009
ORD0094483,14.6,0.0069
ORD0094484,13.1,0.0026
ORD0094485,17.1,0.9376
ORD0094486,19.1,0.0008
ORD0094487,21.0,0.5344
ORD0094488,17.2,0.0852
ORD0094489,15.3,0.0854
ORD0094490,12.0,0.0068
ORD0094491,14.7,0.0244
ORD0094492,9.4,0.0293
ORD0094493,8.9,0.0587
ORD0094494,15.6,0.0955
ORD0094495,14.8,0.1925
ORD0094496,12.4,0.3276
ORD0094497,12.9,0.0015
ORD0094498,11.2,0.0015
ORD0094499,14.1,0.7546
ORD0094500,12.5,0.0003
ORD0094501,12.5,0.0024
ORD0094502,11.5,0.0036
ORD0094503,11.7,0.0002
ORD0094504,10.8,0.0005
ORD0094505,11.1,0.0026
ORD0094506,12.0,0.0262
ORD0094507,11.4,0.0153
ORD0094508,12.6,0.2092
ORD0094509,11.2,0.0365
ORD0094510,11.7,0.7539
ORD0094511,10.9,0.0002
ORD0094512,15.8,0.0012
ORD0094513,22.1,0.0005
ORD0094514,22.0,0.0005
ORD0094515,16.6,0.0095
ORD0094516,16.1,0.1111
ORD0094517,13.1,0.0023
ORD0094518,34.8,0.0008
ORD0094519,81.4,0.016
ORD0094520,78.8,0.0144
ORD0094521,67.7,0.0032
ORD0094522,55.2,0.0008
ORD0094523,98.6,0.02
ORD0094524,22.7,0.0015
ORD0094525,20.6,0.0002
ORD0094526,21.1,0.004
ORD0094527,24.0,0.0012
ORD0094528,21.8,0.0416
ORD0094529,17.2,0.0001
ORD0094530,22.8,0.8319
ORD0094531,22.2,0.0107
ORD0094532,16.9,0.0004
ORD0094533,20.2,0.3447
ORD0094534,13.0,0.0631
ORD0094535,17.1,0.5684
ORD0094536,12.1,0.4104
ORD0094537,27.0,0.9514
ORD0094538,21.9,0.8942
ORD0094539,19.3,0.1214
ORD0094540,15.9,0.1916
ORD0094541,20.2,0.9715
ORD0094542,14.9,0.9847
ORD0094543,17.0,0.9965
ORD0094544,13.1,0.7224
ORD0094545,26.4,0.7851
ORD0094546,17.9,0.9175
ORD0094547,14.9,0.8678
ORD0094548,20.8,0.0578
ORD0094549,25.0,0.2564
ORD0094550,22.5,0.0096
ORD0094551,47.0,0.9039
ORD0094552,43.5,0.0513
ORD0094553,22.2,0.979
ORD0094554,23.8,0.3068
ORD0094555,11.6,0.0021
ORD0094556,11.5,0.0004
ORD0094557,13.4,0.2813
ORD0094558,11.7,0.005
ORD0094559,15.3,0.0957
ORD0094560,14.6,0.002
ORD0094561,18.7,0.0022
ORD0094562,14.1,0.0009
ORD0094563,18.8,0.0069
ORD0094564,19.3,0.0155
ORD0094565,24.7,0.0315
ORD0094566,40.5,0.8379
ORD0094567,28.2,0.434
ORD0094568,14.9,0.0001
ORD0094569,12.5,0.0293
ORD0094570,13.2,0.0007
ORD0094571,14.3,0.0067
ORD0094572,18.8,0.0003
ORD0094573,25.7,0.9809
ORD0094574,15.4,0.0167
ORD0094575,27.0,0.0012
ORD0094576,18.3,0.0002
ORD0094577,21.4,0.1647
ORD0094578,14.2,0.0116
ORD0094579,21.7,0.2938
ORD0094580,14.2,0.0011
ORD0094581,23.7,0.0006
ORD0094582,13.0,0.0003
ORD0094583,10.0,0.004
ORD0094584,18.6,0.948
ORD0094585,15.3,0.0282
ORD0094586,19.0,0.0007
ORD0094587,25.3,0.2861
ORD0094588,22.5,0.0018
ORD0094589,35.3,0.0001
ORD0094590,32.0,0.0003
ORD0094591,17.5,0.0315
ORD0094592,18.0,0.0103
ORD0094593,24.3,0.0001
ORD0094594,110.6,0.0001
ORD0094595,31.0,0.0094
ORD0094596,16.4,0.0005
ORD0094597,25.5,0.3518
ORD0094598,21.9,0.0007
ORD0094599,20.6,0.008
ORD0094600,20.5,0.9429
ORD0094601,16.2,0.7116
ORD0094602,23.1,0.9904
ORD0094603,12.4,0.0067
ORD0094604,13.1,0.3226
ORD0094605,17.3,0.024
ORD0094606,18.9,0.1422
ORD0094607,35.1,0.0009
ORD0094608,18.0,0.7329
ORD0094609,18.5,0.0028
ORD0094610,29.1,0.0038
ORD0094611,25.0,0.0015
ORD0094612,19.4,0.0289
ORD0094613,69.7,0.0519
ORD0094614,50.7,0.001
ORD0094615,27.1,0.0014
ORD0094616,15.5,0.0025
ORD0094617,18.5,0.0004
ORD0094618,21.6,0.0014
ORD0094619,16.0,0.0126
ORD0094620,14.2,0.001
ORD0094621,64.2,0.0011
ORD0094622,13.7,0.0078
ORD0094623,17.5,0.0679
ORD0094624,18.9,0.0008
ORD0094625,19.7,0.007
ORD0094626,14.3,0.0017
ORD0094627,14.9,0.0029
ORD0094628,13.8,0.0451
ORD0094629,15.5,0.2647
ORD0094630,32.6,0.0039
ORD0094631,55.2,0.0016
ORD0094632,8.8,0.0304
ORD0094633,12.6,0.1171
ORD0094634,13.6,0.0688
ORD0094635,11.9,0.5348
ORD0094636,13.0,0.0029
ORD0094637,11.5,0.001
ORD0094638,11.3,0.0002
ORD0094639,11.6,0.0001
ORD0094640,9.9,0.0113
ORD0094641,9.4,0.0006
ORD0094642,10.5,0.0516
ORD0094643,11.6,0.0026
ORD0094644,11.0,0.5065
ORD0094645,11.7,0.8364
ORD0094646,10.3,0.0154
ORD0094647,12.5,0.9305
ORD0094648,9.5,0.0003
ORD0094649,18.2,0.0861
ORD0094650,15.5,0.0006
ORD0094651,26.6,0.0098
ORD0094652,27.1,0.0002
ORD0094653,15.0,0.806
ORD0094654,20.0,0.0047
ORD0094655,20.8,0.9919
ORD0094656,20.8,0.0005
ORD0094657,19.6,0.3136
ORD0094658,17.9,0.0023
ORD0094659,18.3,0.0145
ORD0094660,20.9,0.9544
ORD0094661,16.6,0.0001
ORD0094662,20.3,0.5331
ORD0094663,19.1,0.0004
ORD0094664,15.3,0.0294
ORD0094665,17.7,0.2009
ORD0094666,19.4,0.4423
ORD0094667,11.7,0.0276
ORD0094668,15.9,0.5342
ORD0094669,25.7,0.8841
ORD0094670,21.1,0.8504
ORD0094671,18.5,0.0632
ORD0094672,17.5,0.1138
ORD0094673,12.6,0.3259
ORD0094674,11.6,0.4588
ORD0094675,29.9,0.8842
ORD0094676,21.8,0.2503
ORD0094677,19.2,0.99
ORD0094678,126.8,0.1819
ORD0094679,17.1,0.0024
ORD0094680,13.8,0.001
ORD0094681,17.1,0.0163
ORD0094682,19.0,0.0018
ORD0094683,55.2,0.2702
ORD0094684,39.7,0.0057
ORD0094685,28.6,0.9264
ORD0094686,22.9,0.0415
ORD0094687,13.9,0.9756
ORD0094688,14.5,0.9974
ORD0094689,14.1,0.9925
ORD0094690,17.6,0.9978
ORD0094691,14.2,0.9762
ORD0094692,15.9,0.0003
ORD0094693,10.8,0.319
ORD0094694,18.2,0.8062
ORD0094695,13.8,0.0015
ORD0094696,24.4,0.9674
ORD0094697,22.8,0.0585
ORD0094698,28.1,0.9962
ORD0094699,32.6,0.947
ORD0094700,13.0,0.0007
ORD0094701,11.1,0.0001
ORD0094702,13.0,0.0033
ORD0094703,15.8,0.006
ORD0094704,15.5,0.0008
ORD0094705,25.2,0.9983
ORD0094706,22.0,0.9992
ORD0094707,17.1,0.9911
ORD0094708,17.6,0.357
ORD0094709,14.4,0.0004
ORD0094710,18.2,0.0009
ORD0094711,23.8,0.9964
ORD0094712,16.2,0.0162
ORD0094713,15.5,0.3221
ORD0094714,12.7,0.0041
ORD0094715,26.4,0.0039
ORD0094716,20.8,0.0009
ORD0094717,14.3,0.696
ORD0094718,11.6,0.0526
ORD0094719,15.4,0.9067
ORD0094720,14.1,0.3031
ORD0094721,25.3,0.9764
ORD0094722,21.1,0.997
ORD0094723,23.3,0.3392
ORD0094724,31.3,0.1177
ORD0094725,37.3,0.0124
ORD0094726,16.0,0.9837
ORD0094727,16.9,0.8225
ORD0094728,14.9,0.0026
ORD0094729,18.7,0.0022
ORD0094730,25.6,0.0143
ORD0094731,21.3,0.0064
ORD0094732,14.8,0.0004
ORD0094733,14.2,0.0006
ORD0094734,29.0,0.324
ORD0094735,18.3,0.0011
ORD0094736,16.6,0.9591
ORD0094737,14.0,0.0558
ORD0094738,22.1,0.989
ORD0094739,16.8,0.6638
ORD0094740,10.8,0.0077
ORD0094741,12.1,0.0019
ORD0094742,14.8,0.0648
ORD0094743,18.2,0.3433
ORD0094744,31.1,0.0013
ORD0094745,23.1,0.0012
ORD0094746,17.4,0.8459
ORD0094747,19.0,0.0059
ORD0094748,20.7,0.0315
ORD0094749,17.2,0.0021
ORD0094750,26.0,0.0012
ORD0094751,25.0,0.002
ORD0094752,28.6,0.0019
ORD0094753,17.3,0.0063
ORD0094754,16.4,0.0021
ORD0094755,17.1,0.0018
ORD0094756,15.0,0.001
ORD0094757,14.2,0.0308
ORD0094758,17.2,0.9963
ORD0094759,14.9,0.877
ORD0094760,16.7,0.9843
ORD0094761,21.9,0.6616
ORD0094762,15.1,0.7705
ORD0094763,16.3,0.9989
ORD0094764,12.6,0.9806
ORD0094765,17.1,0.9993
ORD0094766,13.4,0.9932
ORD0094767,10.3,0.0304
ORD0094768,12.6,0.1457
ORD0094769,13.3,0.2921
ORD0094770,11.6,0.6002
ORD0094771,11.0,0.8177
ORD0094772,12.0,0.0004
ORD0094773,12.0,0.8411
ORD0094774,14.1,0.9946
ORD0094775,12.8,0.0029
ORD0094776,13.1,0.0028
ORD0094777,12.9,0.9921
ORD0094778,11.8,0.0002
ORD0094779,10.8,0.0221
ORD0094780,11.8,0.0041
ORD0094781,12.9,0.0094
ORD0094782,14.3,0.9983
ORD0094783,11.2,0.024
ORD0094784,13.2,0.9986
ORD0094785,11.8,0.3762
ORD0094786,14.7,0.0467
ORD0094787,28.7,0.0095
ORD0094788,15.8,0.6318
ORD0094789,18.3,0.0256
ORD0094790,16.1,0.962
ORD0094791,12.2,0.1851
ORD0094792,21.2,0.0107
ORD0094793,19.9,0.0032
ORD0094794,22.6,0.2353
ORD0094795,24.9,0.0179
ORD0094796,22.9,0.9548
ORD0094797,21.0,0.1813
ORD0094798,14.2,0.0006
ORD0094799,13.8,0.0003
ORD0094800,23.0,0.9936
ORD0094801,20.3,0.9226
ORD0094802,17.2,0.0086
ORD0094803,16.6,0.0011
ORD0094804,27.9,0.5388
ORD0094805,13.7,0.4521
ORD0094806,10.0,0.0644
ORD0094807,9.3,0.0705
ORD0094808,14.7,0.848
ORD0094809,15.7,0.8334
ORD0094810,23.8,0.985
ORD0094811,23.3,0.1793
ORD0094812,14.1,0.2038
ORD0094813,35.3,0.031
ORD0094814,15.1,0.6472
ORD0094815,11.3,0.4114
ORD0094816,16.4,0.9324
ORD0094817,21.2,0.123
ORD0094818,19.7,0.113
ORD0094819,18.1,0.2923
ORD0094820,18.8,0.1639
ORD0094821,20.9,0.8298
ORD0094822,19.4,0.5139
ORD0094823,45.0,0.9888
ORD0094824,44.9,0.9834
ORD0094825,24.7,0.9971
ORD0094826,9.6,0.0002
ORD0094827,9.4,0.0004
ORD0094828,13.2,0.0003
ORD0094829,14.7,0.0022
ORD0094830,14.4,0.0014
ORD0094831,26.6,0.0046
ORD0094832,23.2,0.0087
ORD0094833,24.1,0.02
ORD0094834,23.5,0.0423
ORD0094835,13.0,0.0004
ORD0094836,10.1,0.0027
ORD0094837,13.5,0.0012
ORD0094838,13.5,0.0003
ORD0094839,13.6,0.0004
ORD0094840,17.3,0.3291
ORD0094841,17.8,0.5522
ORD0094842,13.3,0.0145
ORD0094843,11.3,0.8673
ORD0094844,19.3,0.0008
ORD0094845,16.2,0.095
ORD0094846,24.0,0.993
ORD0094847,11.6,0.0016
ORD0094848,13.0,0.0002
ORD0094849,13.3,0.0028
ORD0094850,20.5,0.0002
ORD0094851,18.0,0.0001
ORD0094852,10.0,0.0088
ORD0094853,14.3,0.0225
ORD0094854,13.3,0.001
ORD0094855,17.0,0.1324
ORD0094856,17.6,0.0047
ORD0094857,17.1,0.8473
ORD0094858,15.3,0.0297
ORD0094859,21.9,0.0011
ORD0094860,15.3,0.8942
ORD0094861,12.4,0.0949
ORD0094862,18.1,0.0003
ORD0094863,23.5,0.0075
ORD0094864,20.1,0.0005
ORD0094865,12.7,0.0005
ORD0094866,19.8,0.2062
ORD0094867,19.3,0.0016
ORD0094868,18.3,0.0009
ORD0094869,21.1,0.0003
ORD0094870,16.9,0.866
ORD0094871,12.7,0.0095
ORD0094872,19.2,0.9861
ORD0094873,15.1,0.0717
ORD0094874,10.0,0.0082
ORD0094875,26.6,0.0003
ORD0094876,21.1,0.0016
ORD0094877,14.8,0.8699
ORD0094878,15.2,0.2909
ORD0094879,16.5,0.9811
ORD0094880,14.6,0.566
ORD0094881,29.7,0.2918
ORD0094882,16.8,0.9834
ORD0094883,17.1,0.8068
ORD0094884,33.0,0.5047
ORD0094885,26.4,0.2546
ORD0094886,21.6,0.9186
ORD0094887,20.9,0.0011
ORD0094888,22.1,0.8853
ORD0094889,12.4,0.0025
ORD0094890,14.8,0.0008
ORD0094891,15.0,0.4689
ORD0094892,13.2,0.0093
ORD0094893,15.0,0.9584
ORD0094894,10.0,0.0078
ORD0094895,14.2,0.003
ORD0094896,13.8,0.8704
ORD0094897,11.6,0.0425
ORD0094898,10.7,0.0026
ORD0094899,10.4,0.115
ORD0094900,9.3,0.0066
ORD0094901,10.1,0.0187
ORD0094902,6.8,0.019
ORD0094903,12.6,0.032
ORD0094904,10.1,0.0426
ORD0094905,10.1,0.1018
ORD0094906,9.7,0.3087
ORD0094907,12.2,0.0583
ORD0094908,11.8,0.0009
ORD0094909,11.2,0.0008
ORD0094910,11.5,0.2278
ORD0094911,11.8,0.0043
ORD0094912,10.1,0.0009
ORD0094913,10.1,0.0009
ORD0094914,11.9,0.8513
ORD0094915,11.2,0.9781
ORD0094916,13.6,0.989
ORD0094917,10.8,0.0163
ORD0094918,10.9,0.0064
ORD0094919,15.9,0.9627
ORD0094920,18.6,0.7012
ORD0094921,24.2,0.7221
ORD0094922,13.6,0.998
ORD0094923,19.4,0.9615
ORD0094924,15.5,0.9988
ORD0094925,12.4,0.998
ORD0094926,20.4,0.0017
ORD0094927,20.6,0.1568
ORD0094928,20.9,0.0066
ORD0094929,19.8,0.0493
ORD0094930,21.4,0.8564
ORD0094931,14.3,0.0002
ORD0094932,11.6,0.002
ORD0094933,20.8,0.8091
ORD0094934,16.5,0.0005
ORD0094935,14.2,0.0202
ORD0094936,87.8,0.0002
ORD0094937,25.9,0.0002
ORD0094938,14.8,0.9745
ORD0094939,14.2,0.9156
ORD0094940,10.4,0.7561
ORD0094941,17.5,0.9933
ORD0094942,26.1,0.9985
ORD0094943,18.4,0.9484
ORD0094944,14.4,0.9348
ORD0094945,12.0,0.248
ORD0094946,12.5,0.602
ORD0094947,11.7,0.4329
ORD0094948,10.8,0.1
ORD0094949,19.4,0.2761
ORD0094950,15.2,0.4587
ORD0094951,13.0,0.8813
ORD0094952,38.6,0.2193
ORD0094953,17.5,0.0014
ORD0094954,13.4,0.0025
ORD0094955,16.8,0.0027
ORD0094956,41.0,0.0085
ORD0094957,28.7,0.0068
ORD0094958,21.9,0.059
ORD0094959,24.4,0.0399
ORD0094960,10.1,0.0073
ORD0094961,10.3,0.1039
ORD0094962,10.0,0.2817
ORD0094963,10.7,0.2356
ORD0094964,13.2,0.1253
ORD0094965,14.3,0.0108
ORD0094966,11.0,0.0002
ORD0094967,17.7,0.1298
ORD0094968,17.2,0.0005
ORD0094969,24.6,0.6131
ORD0094970,11.2,0.0001
ORD0094971,11.1,0.007
ORD0094972,12.2,0.0013
ORD0094973,11.2,0.0003
ORD0094974,16.1,0.0001
ORD0094975,14.4,0.2478
ORD0094976,17.5,0.9896
ORD0094977,12.1,0.0394
ORD0094978,12.5,0.9895
ORD0094979,13.4,0.9408
ORD0094980,15.4,0.0002
ORD0094981,12.2,0.0002
ORD0094982,49.7,0.0099
ORD0094983,53.5,0.0011
ORD0094984,64.6,0.0011
ORD0094985,11.0,0.0009
ORD0094986,11.0,0.0001
ORD0094987,12.3,0.0063
ORD0094988,9.7,0.0006
ORD0094989,19.9,0.0002
ORD0094990,19.3,0.0001
ORD0094991,12.6,0.0202
ORD0094992,9.2,0.0028
ORD0094993,13.5,0.264
ORD0094994,11.0,0.0087
ORD0094995,19.8,0.8885
ORD0094996,17.3,0.1732
ORD0094997,16.1,0.9884
ORD0094998,14.2,0.8813
ORD0094999,23.1,0.0048
ORD0095000,28.2,0.0021
ORD0095001,12.7,0.9863
ORD0095002,11.6,0.0011
ORD0095003,14.2,0.0004
ORD0095004,25.7,0.0384
ORD0095005,20.0,0.0443
ORD0095006,14.8,0.0004
ORD0095007,12.8,0.0006
ORD0095008,19.1,0.78
ORD0095009,20.6,0.7919
ORD0095010,14.5,0.0023
ORD0095011,14.4,0.0024
ORD0095012,17.4,0.9815
ORD0095013,13.3,0.9774
ORD0095014,16.8,0.9902
ORD0095015,19.0,0.9849
ORD0095016,9.3,0.0307
ORD0095017,8.3,0.0312
ORD0095018,41.2,0.0002
ORD0095019,13.0,0.0104
ORD0095020,12.9,0.0037
ORD0095021,15.8,0.0498
ORD0095022,13.4,0.009
ORD0095023,27.3,0.001
ORD0095024,19.8,0.0006
ORD0095025,13.9,0.1485
ORD0095026,19.4,0.0016
ORD0095027,16.1,0.0083
ORD0095028,14.0,0.0021
ORD0095029,19.0,0.0098
ORD0095030,18.9,0.0008
ORD0095031,12.5,0.0259
ORD0095032,15.1,0.0018
ORD0095033,14.6,0.0084
ORD0095034,11.6,0.001
ORD0095035,13.1,0.4154
ORD0095036,9.9,0.0041
ORD0095037,8.9,0.2739
ORD0095038,10.4,0.0499
ORD0095039,14.2,0.0595
ORD0095040,13.1,0.0308
ORD0095041,11.0,0.0324
ORD0095042,11.6,0.0164
ORD0095043,8.9,0.002
ORD0095044,8.8,0.0014
ORD0095045,10.7,0.7901
ORD0095046,8.5,0.323
ORD0095047,8.1,0.3325
ORD0095048,9.2,0.8828
ORD0095049,11.7,0.7067
ORD0095050,10.6,0.9529
ORD0095051,11.3,0.9863
ORD0095052,7.8,0.0004
ORD0095053,9.0,0.0001
ORD0095054,8.0,0.001
ORD0095055,8.0,0.0002
ORD0095056,7.9,0.0001
ORD0095057,7.3,0.0001
ORD0095058,7.9,0.0028
ORD0095059,7.5,0.0002
ORD0095060,8.9,0.0105
ORD0095061,7.9,0.0004
ORD0095062,9.6,0.1252
ORD0095063,8.2,0.0002
ORD0095064,7.2,0.0001
ORD0095065,11.6,0.0022
ORD0095066,14.2,0.0223
ORD0095067,18.8,0.0015
ORD0095068,23.9,0.0145
ORD0095069,8.9,0.03
ORD0095070,10.9,0.7602
ORD0095071,15.8,0.5153
ORD0095072,17.8,0.0015
ORD0095073,15.6,0.0115
ORD0095074,18.2,0.1277
ORD0095075,18.4,0.278
ORD0095076,16.3,0.7208
ORD0095077,11.0,0.0002
ORD0095078,11.0,0.0114
ORD0095079,17.2,0.9633
ORD0095080,17.9,0.9886
ORD0095081,11.1,0.0008
ORD0095082,14.4,0.1315
ORD0095083,13.9,0.2195
ORD0095084,6.7,0.0329
ORD0095085,7.4,0.0588
ORD0095086,11.5,0.3062
ORD0095087,10.7,0.5927
ORD0095088,22.5,0.6274
ORD0095089,18.0,0.9412
ORD0095090,10.7,0.0505
ORD0095091,8.5,0.1118
ORD0095092,10.8,0.1884
ORD0095093,9.8,0.3018
ORD0095094,21.4,0.4454
ORD0095095,15.6,0.1961
ORD0095096,13.7,0.8531
ORD0095097,12.5,0.3266
ORD0095098,14.9,0.0591
ORD0095099,13.7,0.9521
ORD0095100,16.5,0.2221
ORD0095101,38.0,0.7743
ORD0095102,17.3,0.9269
ORD0095103,10.0,0.0001
ORD0095104,10.3,0.0002
ORD0095105,9.7,0.0002
ORD0095106,13.0,0.0001
ORD0095107,12.5,0.0005
ORD0095108,14.9,0.0002
ORD0095109,12.7,0.5794
ORD0095110,13.8,0.0027
ORD0095111,14.2,0.0001
ORD0095112,20.2,0.0663
ORD0095113,27.6,0.6423
ORD0095114,15.7,0.0012
ORD0095115,14.9,0.0002
ORD0095116,13.1,0.0128
ORD0095117,16.6,0.0003
ORD0095118,20.2,0.9631
ORD0095119,15.9,0.6034
ORD0095120,17.8,0.9991
ORD0095121,14.4,0.9885
ORD0095122,17.0,0.001
ORD0095123,14.1,0.0001
ORD0095124,15.1,0.0007
ORD0095125,22.7,0.993
ORD0095126,12.5,0.0005
ORD0095127,12.0,0.0001
ORD0095128,14.5,0.0017
ORD0095129,18.5,0.0001
ORD0095130,16.0,0.0075
ORD0095131,11.1,0.0003
ORD0095132,12.3,0.0013
ORD0095133,17.9,0.0902
ORD0095134,17.1,0.8099
ORD0095135,17.2,0.0005
ORD0095136,26.3,0.0009
ORD0095137,32.2,0.0001
ORD0095138,15.1,0.9689
ORD0095139,14.3,0.002
ORD0095140,13.2,0.0002
ORD0095141,60.4,0.0008
ORD0095142,40.7,0.0326
ORD0095143,23.9,0.0002
ORD0095144,22.8,0.0024
ORD0095145,18.0,0.0299
ORD0095146,14.5,0.0003
ORD0095147,12.2,0.0147
ORD0095148,23.0,0.0456
ORD0095149,19.4,0.5093
ORD0095150,16.3,0.0005
ORD0095151,14.3,0.4985
ORD0095152,19.8,0.9211
ORD0095153,10.2,0.0025
ORD0095154,13.3,0.0125
ORD0095155,13.6,0.0083
ORD0095156,14.2,0.058
ORD0095157,13.4,0.0305
ORD0095158,31.3,0.0007
ORD0095159,22.9,0.0006
ORD0095160,15.8,0.2942
ORD0095161,15.1,0.1767
ORD0095162,19.8,0.0024
ORD0095163,20.2,0.0012
ORD0095164,19.4,0.0143
ORD0095165,13.4,0.0033
ORD0095166,19.9,0.0011
ORD0095167,11.7,0.0012
ORD0095168,16.8,0.0009
ORD0095169,13.6,0.0055
ORD0095170,11.6,0.0237
ORD0095171,15.1,0.0061
ORD0095172,14.1,0.9211
ORD0095173,11.6,0.1121
ORD0095174,12.9,0.1415
ORD0095175,9.6,0.3104
ORD0095176,14.7,0.4963
ORD0095177,10.0,0.7429
ORD0095178,7.6,0.0509
ORD0095179,7.3,0.3101
ORD0095180,15.5,0.202
ORD0095181,10.4,0.681
ORD0095182,9.3,0.7292
ORD0095183,11.3,0.0005
ORD0095184,9.9,0.0001
ORD0095185,10.6,0.0001
ORD0095186,9.4,0.0009
ORD0095187,9.1,0.0001
ORD0095188,9.8,0.0022
ORD0095189,10.1,0.0002
ORD0095190,10.4,0.012
ORD0095191,10.1,0.0003
ORD0095192,13.2,0.0706
ORD0095193,9.4,0.0004
ORD0095194,9.3,0.0002
ORD0095195,10.1,0.0001
ORD0095196,14.6,0.0012
ORD0095197,15.4,0.9117
ORD0095198,26.2,0.0006
ORD0095199,25.8,0.8355
ORD0095200,11.2,0.0085
ORD0095201,16.0,0.0694
ORD0095202,12.9,0.9919
ORD0095203,35.8,0.0003
ORD0095204,122.9,0.0028
ORD0095205,18.8,0.0035
ORD0095206,18.8,0.1045
ORD0095207,18.2,0.0299
ORD0095208,20.7,0.8248
ORD0095209,12.7,0.0004
ORD0095210,11.2,0.0008
ORD0095211,20.9,0.9921
ORD0095212,20.3,0.6948
ORD0095213,13.8,0.003
ORD0095214,15.2,0.0093
ORD0095215,15.8,0.3441
ORD0095216,13.5,0.1221
ORD0095217,10.2,0.0666
ORD0095218,8.7,0.0497
ORD0095219,14.1,0.6068
ORD0095220,10.9,0.2197
ORD0095221,25.2,0.9082
ORD0095222,15.7,0.5299
ORD0095223,14.0,0.1169
ORD0095224,13.3,0.5588
ORD0095225,11.4,0.0843
ORD0095226,12.8,0.8184
ORD0095227,10.9,0.1506
ORD0095228,18.9,0.2475
ORD0095229,14.6,0.215
ORD0095230,14.5,0.3784
ORD0095231,13.8,0.3522
ORD0095232,55.1,0.1983
ORD0095233,19.5,0.0784
ORD0095234,15.2,0.9287
ORD0095235,16.6,0.5299
ORD0095236,24.4,0.9944
ORD0095237,56.4,0.9626
ORD0095238,24.3,0.9923
ORD0095239,23.5,0.9976
ORD0095240,30.3,0.0117
ORD0095241,13.3,0.2758
ORD0095242,13.5,0.0005
ORD0095243,14.8,0.9928
ORD0095244,11.9,0.007
ORD0095245,16.9,0.9755
ORD0095246,14.7,0.001
ORD0095247,18.8,0.1029
ORD0095248,15.9,0.7384
ORD0095249,20.7,0.7279
ORD0095250,15.4,0.0281
ORD0095251,29.7,0.9891
ORD0095252,24.1,0.9675
ORD0095253,36.5,0.9969
ORD0095254,15.8,0.0005
ORD0095255,13.3,0.0004
ORD0095256,17.1,0.9461
ORD0095257,14.7,0.2171
ORD0095258,17.8,0.0017
ORD0095259,14.3,0.0008
ORD0095260,21.8,0.9639
ORD0095261,24.1,0.9941
ORD0095262,19.3,0.998
ORD0095263,25.1,0.079
ORD0095264,17.7,0.0088
ORD0095265,24.1,0.9993
ORD0095266,24.7,0.996
ORD0095267,69.3,0.0552
ORD0095268,86.8,0.9969
ORD0095269,73.8,0.0197
ORD0095270,58.7,0.0058
ORD0095271,29.2,0.0028
ORD0095272,48.8,0.0008
ORD0095273,16.4,0.0004
ORD0095274,13.4,0.0046
ORD0095275,16.8,0.0025
ORD0095276,17.6,0.0694
ORD0095277,26.7,0.0002
ORD0095278,20.3,0.0005
ORD0095279,12.1,0.013
ORD0095280,14.8,0.0155
ORD0095281,25.1,0.4278
ORD0095282,22.0,0.7681
ORD0095283,20.1,0.9646
ORD0095284,32.1,0.0063
ORD0095285,16.3,0.2239
ORD0095286,19.8,0.9823
ORD0095287,19.2,0.0013
ORD0095288,20.3,0.0053
ORD0095289,35.7,0.9255
ORD0095290,17.3,0.0056
ORD0095291,16.3,0.003
ORD0095292,33.8,0.9905
ORD0095293,22.9,0.4575
ORD0095294,19.1,0.0589
ORD0095295,21.7,0.007
ORD0095296,22.7,0.9979
ORD0095297,24.5,0.9991
ORD0095298,18.6,0.9426
ORD0095299,13.6,0.8572
ORD0095300,12.8,0.1246
ORD0095301,17.3,0.6181
ORD0095302,15.6,0.0363
ORD0095303,22.7,0.949
ORD0095304,17.1,0.1557
ORD0095305,32.3,0.0056
ORD0095306,26.5,0.0012
ORD0095307,23.5,0.9956
ORD0095308,20.6,0.6153
ORD0095309,25.7,0.0847
ORD0095310,19.6,0.004
ORD0095311,18.2,0.3386
ORD0095312,16.8,0.02
ORD0095313,25.8,0.0031
ORD0095314,25.3,0.0027
ORD0095315,13.7,0.0037
ORD0095316,17.4,0.0035
ORD0095317,22.7,0.0027
ORD0095318,14.4,0.0024
ORD0095319,15.4,0.0089
ORD0095320,13.8,0.0057
ORD0095321,13.2,0.0255
ORD0095322,17.0,0.8826
ORD0095323,18.3,0.296
ORD0095324,21.7,0.3564
ORD0095325,15.7,0.0079
ORD0095326,16.8,0.0784
ORD0095327,11.5,0.071
ORD0095328,14.1,0.2431
ORD0095329,11.2,0.0289
ORD0095330,9.3,0.0272
ORD0095331,13.6,0.0863
ORD0095332,12.3,0.0872
ORD0095333,12.1,0.4441
ORD0095334,12.3,0.0339
ORD0095335,10.2,0.0007
ORD0095336,12.4,0.0003
ORD0095337,12.6,0.0001
ORD0095338,11.4,0.2643
ORD0095339,12.4,0.0024
ORD0095340,9.9,0.0015
ORD0095341,10.5,0.0003
ORD0095342,12.3,0.8544
ORD0095343,10.9,0.0135
ORD0095344,14.4,0.9693
ORD0095345,12.1,0.1051
ORD0095346,15.9,0.9647
ORD0095347,11.9,0.5379
ORD0095348,10.3,0.0109
ORD0095349,13.5,0.0005
ORD0095350,16.5,0.0003
ORD0095351,19.8,0.0002
ORD0095352,10.8,0.0018
ORD0095353,16.9,0.0156
ORD0095354,12.7,0.0011
ORD0095355,28.6,0.0003
ORD0095356,66.0,0.0018
ORD0095357,61.1,0.0013
ORD0095358,56.8,0.0012
ORD0095359,62.9,0.0002
ORD0095360,99.4,0.445
ORD0095361,48.6,0.0004
ORD0095362,22.1,0.0006
ORD0095363,20.3,0.0001
ORD0095364,20.0,0.0024
ORD0095365,26.1,0.0006
ORD0095366,21.6,0.0284
ORD0095367,16.2,0.0001
ORD0095368,22.0,0.7515
ORD0095369,19.7,0.0027
ORD0095370,15.6,0.0002
ORD0095371,20.0,0.4362
ORD0095372,11.8,0.043
ORD0095373,16.8,0.6394
ORD0095374,16.5,0.6539
ORD0095375,25.5,0.9423
ORD0095376,31.2,0.9591
ORD0095377,13.8,0.1769
ORD0095378,15.6,0.2616
ORD0095379,15.0,0.6401
ORD0095380,14.0,0.2176
ORD0095381,16.4,0.8978
ORD0095382,13.8,0.5365
ORD0095383,25.4,0.3121
ORD0095384,15.1,0.4425
ORD0095385,14.7,0.5141
ORD0095386,18.1,0.0011
ORD0095387,17.5,0.0078
ORD0095388,20.5,0.0006
ORD0095389,48.1,0.064
ORD0095390,40.4,0.001
ORD0095391,25.2,0.5879
ORD0095392,20.6,0.004
ORD0095393,12.0,0.0005
ORD0095394,11.6,0.0002
ORD0095395,11.7,0.0066
ORD0095396,10.6,0.0007
ORD0095397,14.6,0.0027
ORD0095398,14.2,0.0003
ORD0095399,18.4,0.0021
ORD0095401,18.3,0.0014
ORD0095402,16.2,0.0342
ORD0095403,29.4,0.0054
ORD0095404,37.2,0.0362
ORD0095405,27.0,0.8931
ORD0095406,16.8,0.0002
ORD0095408,13.6,0.0007
ORD0095409,13.8,0.007
ORD0095410,17.2,0.0003
ORD0095411,22.3,0.0205
ORD0095412,18.6,0.398
ORD0095413,22.7,0.0006
ORD0095414,16.7,0.0089
ORD0095415,24.6,0.891
ORD0095416,100.7,0.0011
ORD0095417,14.3,0.0003
ORD0095418,16.2,0.001
ORD0095419,14.2,0.0015
ORD0095420,24.9,0.0002
ORD0095421,12.9,0.0021
ORD0095422,10.1,0.0046
ORD0095423,17.2,0.0088
ORD0095424,15.5,0.0422
ORD0095425,17.5,0.0056
ORD0095426,27.1,0.7501
ORD0095427,23.2,0.2168
ORD0095428,29.1,0.0005
ORD0095429,34.5,0.0007
ORD0095430,18.6,0.807
ORD0095431,15.0,0.0001
ORD0095432,23.3,0.0002
ORD0095433,21.8,0.0039
ORD0095434,16.3,0.0003
ORD0095435,29.4,0.129
ORD0095436,22.5,0.0005
ORD0095437,21.9,0.0003
ORD0095438,18.7,0.8935
ORD0095439,12.6,0.0038
ORD0095440,22.1,0.9814
ORD0095441,11.3,0.0038
ORD0095442,14.4,0.0008
ORD0095443,20.7,0.9847
ORD0095444,22.9,0.9963
ORD0095445,31.8,0.5755
ORD0095446,20.9,0.9969
ORD0095447,21.7,0.994
ORD0095448,36.0,0.9226
ORD0095449,29.5,0.9888
ORD0095450,31.2,0.987
ORD0095451,77.8,0.9902
ORD0095452,62.0,0.0809
ORD0095453,29.9,0.1396
ORD0095454,16.9,0.3107
ORD0095455,18.4,0.0009
ORD0095456,19.7,0.0214
ORD0095457,15.5,0.9228
ORD0095458,15.8,0.0024
ORD0095459,46.7,0.0019
ORD0095460,16.7,0.3404
ORD0095461,13.0,0.4437
ORD0095462,17.8,0.074
ORD0095463,18.9,0.0794
ORD0095464,17.1,0.0258
ORD0095465,18.3,0.0233
ORD0095466,12.4,0.002
ORD0095467,14.5,0.8116
ORD0095468,33.2,0.0064
ORD0095469,56.9,0.0036
ORD0095470,14.1,0.5093
ORD0095471,15.6,0.9038
ORD0095472,16.5,0.9165
ORD0095473,13.1,0.9834
ORD0095474,12.4,0.0004
ORD0095475,10.8,0.0005
ORD0095476,12.2,0.0002
ORD0095477,12.5,0.0002
ORD0095478,11.2,0.0016
ORD0095479,10.2,0.0001
ORD0095480,10.9,0.0037
ORD0095481,12.0,0.0014
ORD0095482,12.6,0.0295
ORD0095483,11.4,0.2425
ORD0095484,10.6,0.0035
ORD0095485,10.1,0.0002
ORD0095486,10.7,0.0003
ORD0095487,17.1,0.0012
ORD0095488,17.3,0.0022
ORD0095489,26.4,0.0004
ORD0095490,29.9,0.0005
ORD0095491,11.2,0.0052
ORD0095492,11.9,0.0092
ORD0095493,22.7,0.1013
ORD0095494,21.7,0.0074
ORD0095495,18.8,0.0239
ORD0095496,21.8,0.1302
ORD0095497,20.4,0.8596
ORD0095498,21.0,0.8303
ORD0095499,19.2,0.0004
ORD0095500,23.6,0.9848
ORD0095501,18.0,0.0015
ORD0095502,16.8,0.0044
ORD0095503,26.8,0.9599
ORD0095504,14.3,0.0219
ORD0095505,15.5,0.3885
ORD0095506,20.5,0.9889
ORD0095507,27.1,0.9985
ORD0095508,16.2,0.0449
ORD0095509,20.6,0.7968
ORD0095510,14.8,0.1118
ORD0095511,12.6,0.3028
ORD0095512,11.8,0.3797
ORD0095513,24.6,0.6505
ORD0095514,20.0,0.2463
ORD0095515,15.5,0.9489
ORD0095516,20.4,0.0547
ORD0095517,17.0,0.3117
ORD0095518,25.2,0.6419
ORD0095519,22.3,0.9214
ORD0095520,59.4,0.9855
ORD0095521,55.7,0.9951
ORD0095522,27.5,0.9955
ORD0095523,25.7,0.9983
ORD0095524,12.1,0.0005
ORD0095525,13.4,0.0076
ORD0095526,11.3,0.0011
ORD0095527,14.7,0.0018
ORD0095528,12.2,0.0005
ORD0095529,14.1,0.0388
ORD0095530,13.5,0.9526
ORD0095531,19.2,0.0358
ORD0095532,13.9,0.0037
ORD0095533,24.5,0.3055
ORD0095534,32.5,0.914
ORD0095535,29.4,0.9503
ORD0095536,28.3,0.998
ORD0095537,17.4,0.0008
ORD0095538,15.4,0.0065
ORD0095540,16.4,0.0011
ORD0095541,13.7,0.0006
ORD0095542,20.3,0.8874
ORD0095543,18.7,0.9888
ORD0095544,17.3,0.985
ORD0095545,19.7,0.0041
ORD0095546,16.8,0.0011
ORD0095547,21.6,0.9981
ORD0095548,20.0,0.9984
ORD0095549,14.9,0.0003
ORD0095550,14.7,0.0025
ORD0095551,12.1,0.0028
ORD0095552,28.2,0.0004
ORD0095553,20.2,0.0002
ORD0095554,12.1,0.01
ORD0095555,12.6,0.0002
ORD0095556,13.1,0.0767
ORD0095557,14.8,0.0004
ORD0095558,25.0,0.9069
ORD0095559,19.4,0.1096
ORD0095560,17.3,0.0011
ORD0095561,33.8,0.0181
ORD0095562,36.0,0.0001
ORD0095563,16.7,0.7967
ORD0095564,14.6,0.0112
ORD0095565,19.3,0.0048
ORD0095566,13.9,0.0013
ORD0095567,87.5,0.0004
ORD0095568,32.3,0.0104
ORD0095569,25.0,0.0051
ORD0095570,16.6,0.0002
ORD0095571,13.6,0.0006
ORD0095572,29.0,0.1399
ORD0095573,20.7,0.0005
ORD0095574,15.3,0.8883
ORD0095575,12.5,0.0608
ORD0095576,21.3,0.9806
ORD0095577,17.8,0.7147
ORD0095578,10.7,0.0027
ORD0095579,12.2,0.0031
ORD0095580,15.2,0.4629
ORD0095581,18.7,0.849
ORD0095582,32.6,0.0031
ORD0095583,26.9,0.0018
ORD0095584,20.8,0.963
ORD0095585,24.3,0.0183
ORD0095586,17.2,0.3021
ORD0095587,18.8,0.0037
ORD0095588,30.2,0.0021
ORD0095589,22.1,0.0019
ORD0095590,14.6,0.0129
ORD0095591,15.0,0.0046
ORD0095592,15.9,0.0022
ORD0095593,13.4,0.002
ORD0095594,14.9,0.0636
ORD0095595,13.5,0.1225
ORD0095596,17.4,0.2368
ORD0095597,19.2,0.9422
ORD0095598,15.3,0.0407
ORD0095599,15.3,0.0331
ORD0095600,14.1,0.4171
ORD0095601,10.9,0.7319
ORD0095602,13.7,0.8853
ORD0095603,15.3,0.983
ORD0095604,29.5,0.0045
ORD0095605,9.3,0.0668
ORD0095606,14.7,0.3513
ORD0095607,11.4,0.1868
ORD0095608,11.8,0.8281
ORD0095609,9.8,0.6264
ORD0095610,11.4,0.0028
ORD0095611,11.3,0.0023
ORD0095612,12.7,0.0005
ORD0095613,11.8,0.0003
ORD0095614,11.3,0.0147
ORD0095615,11.6,0.0054
ORD0095616,11.2,0.0007
ORD0095617,11.0,0.0004
ORD0095618,11.2,0.1418
ORD0095619,11.6,0.8941
ORD0095620,11.8,0.0497
ORD0095621,12.1,0.9888
ORD0095622,12.6,0.9877
ORD0095623,11.9,0.0013
ORD0095624,15.3,0.7577
ORD0095625,24.4,0.3471
ORD0095626,18.5,0.9966
ORD0095627,16.1,0.0002
ORD0095628,15.4,0.9988
ORD0095629,12.1,0.0003
ORD0095630,19.1,0.01
ORD0095631,20.0,0.0025
ORD0095632,20.2,0.3307
ORD0095633,19.9,0.0011
ORD0095634,21.6,0.9613
ORD0095635,17.2,0.0876
ORD0095636,12.9,0.0008
ORD0095637,11.9,0.0001
ORD0095638,19.5,0.9958
ORD0095639,19.7,0.6575
ORD0095640,14.8,0.0108
ORD0095641,17.5,0.0006
ORD0095642,24.2,0.0002
ORD0095643,17.6,0.3427
ORD0095644,18.0,0.6147
ORD0095645,9.8,0.0462
ORD0095646,9.1,0.1207
ORD0095647,14.7,0.6973
ORD0095648,14.0,0.9088
ORD0095649,26.3,0.9343
ORD0095650,16.9,0.0983
ORD0095651,12.7,0.2871
ORD0095652,29.9,0.0261
ORD0095653,17.1,0.1656
ORD0095654,12.3,0.5764
ORD0095655,15.3,0.4782
ORD0095656,24.4,0.4489
ORD0095657,19.8,0.4613
ORD0095658,19.3,0.8667
ORD0095659,18.9,0.0119
ORD0095660,22.6,0.0642
ORD0095661,21.1,0.009
ORD0095662,55.1,0.6427
ORD0095663,41.3,0.0572
ORD0095664,23.2,0.9133
ORD0095665,9.9,0.0003
ORD0095666,9.3,0.0016
ORD0095667,12.8,0.0006
ORD0095668,16.7,0.0032
ORD0095669,15.6,0.0262
ORD0095670,26.6,0.1
ORD0095671,18.7,0.0191
ORD0095672,29.3,0.8419
ORD0095673,22.4,0.1226
ORD0095674,14.3,0.0005
ORD0095675,9.9,0.0003
ORD0095676,12.8,0.0011
ORD0095677,15.6,0.0009
ORD0095678,15.6,0.0005
ORD0095679,21.6,0.9868
ORD0095680,14.9,0.5335
ORD0095681,14.6,0.0243
ORD0095682,14.1,0.9871
ORD0095683,16.2,0.0053
ORD0095684,18.1,0.1528
ORD0095685,24.2,0.9906
ORD0095686,12.2,0.0024
ORD0095687,12.8,0.0003
ORD0095688,12.8,0.0241
ORD0095689,19.8,0.0015
ORD0095690,19.6,0.0002
ORD0095691,11.0,0.0021
ORD0095692,14.8,0.0051
ORD0095693,13.4,0.0019
ORD0095694,20.0,0.6115
ORD0095695,19.1,0.0092
ORD0095696,16.7,0.0805
ORD0095697,16.5,0.1102
ORD0095698,31.5,0.0004
ORD0095699,14.6,0.5667
ORD0095700,15.4,0.7575
ORD0095701,18.8,0.0002
ORD0095702,28.0,0.0042
ORD0095703,20.9,0.0028
ORD0095704,16.1,0.0004
ORD0095705,20.1,0.0702
ORD0095706,16.7,0.038
ORD0095707,16.5,0.0006
ORD0095708,19.4,0.0007
ORD0095709,15.8,0.6056
ORD0095710,14.8,0.5575
ORD0095711,18.8,0.96
ORD0095712,17.5,0.9526
ORD0095713,9.5,0.0023
ORD0095714,27.6,0.0003
ORD0095715,23.5,0.0009
ORD0095716,13.7,0.0687
ORD0095717,14.1,0.006
ORD0095718,17.9,0.4414
ORD0095719,14.0,0.0168
ORD0095720,28.0,0.0018
ORD0095721,18.2,0.8589
ORD0095722,15.3,0.1372
ORD0095723,19.8,0.0061
ORD0095724,22.1,0.0025
ORD0095725,14.9,0.0625
ORD0095726,21.1,0.0034
ORD0095727,19.6,0.0017
ORD0095728,14.2,0.0108
ORD0095729,12.8,0.0022
ORD0095730,11.4,0.0014
ORD0095731,13.2,0.0213
ORD0095732,12.9,0.0023
ORD0095733,12.9,0.1429
ORD0095734,16.5,0.0388
ORD0095735,12.0,0.0106
ORD0095736,11.4,0.5174
ORD0095737,10.3,0.2089
ORD0095738,12.8,0.9506
ORD0095739,10.3,0.85
ORD0095740,7.6,0.0746
ORD0095741,7.8,0.1349
ORD0095742,11.5,0.2925
ORD0095743,10.2,0.4791
ORD0095744,10.4,0.6745
ORD0095745,10.6,0.7959
ORD0095746,10.2,0.0029
ORD0095747,11.0,0.0003
ORD0095748,10.6,0.0004
ORD0095749,11.9,0.036
ORD0095750,10.3,0.0021
ORD0095751,10.1,0.0004
ORD0095752,10.0,0.0006
ORD0095753,10.2,0.0836
ORD0095754,11.0,0.5282
ORD0095755,11.9,0.8074
ORD0095756,10.1,0.0109
ORD0095757,9.7,0.0013
ORD0095758,14.8,0.0006
ORD0095759,18.0,0.0004
ORD0095760,21.5,0.0004
ORD0095761,12.2,0.0019
ORD0095762,14.4,0.0007
ORD0095763,17.5,0.0052
ORD0095764,11.7,0.0015
ORD0095765,20.8,0.0004
ORD0095766,16.5,0.0006
ORD0095767,17.5,0.0018
ORD0095768,19.9,0.0117
ORD0095769,22.3,0.0116
ORD0095770,15.2,0.0002
ORD0095771,11.5,0.0002
ORD0095772,19.6,0.2668
ORD0095773,14.5,0.0002
ORD0095774,16.2,0.0003
ORD0095775,62.2,0.0003
ORD0095776,27.0,0.0002
ORD0095777,15.7,0.98
ORD0095778,10.5,0.7514
ORD0095779,10.9,0.8419
ORD0095780,15.3,0.9933
ORD0095781,23.7,0.9979
ORD0095782,22.4,0.8938
ORD0095783,12.9,0.8842
ORD0095784,12.7,0.1044
ORD0095785,10.8,0.4595
ORD0095786,11.5,0.2493
ORD0095787,11.9,0.6358
ORD0095788,20.8,0.392
ORD0095789,15.1,0.7909
ORD0095790,12.0,0.5311
ORD0095791,38.8,0.178
ORD0095792,16.6,0.0019
ORD0095793,14.9,0.0011
ORD0095794,17.2,0.01
ORD0095795,45.3,0.0475
ORD0095796,30.1,0.0013
ORD0095797,22.4,0.5404
ORD0095798,21.1,0.0073
ORD0095799,9.0,0.0002
ORD0095800,9.4,0.0002
ORD0095801,9.3,0.0009
ORD0095802,8.8,0.0005
ORD0095803,12.2,0.0004
ORD0095804,13.1,0.0122
ORD0095805,12.1,0.0019
ORD0095806,19.3,0.0325
ORD0095807,22.2,0.0019
ORD0095808,22.9,0.4341
ORD0095809,11.0,0.0001
ORD0095810,12.1,0.0007
ORD0095811,11.0,0.0081
ORD0095812,12.2,0.0005
ORD0095813,14.8,0.0003
ORD0095814,11.9,0.0001
ORD0095815,19.6,0.9368
ORD0095816,15.7,0.9454
ORD0095817,17.3,0.9984
ORD0095818,12.8,0.6638
ORD0095819,15.0,0.0006
ORD0095820,17.0,0.4476
ORD0095821,86.7,0.0077
ORD0095822,36.7,0.0005
ORD0095823,11.9,0.1949
ORD0095824,10.7,0.0004
ORD0095825,14.9,0.9528
ORD0095826,11.7,0.0008
ORD0095827,19.4,0.0001
ORD0095828,13.1,0.0
ORD0095829,9.1,0.0015
ORD0095830,9.1,0.0062
ORD0095831,11.9,0.0042
ORD0095832,12.5,0.1826
ORD0095833,15.5,0.0471
ORD0095834,16.5,0.5355
ORD0095835,14.8,0.7763
ORD0095836,13.1,0.9594
ORD0095837,18.1,0.0006
ORD0095838,20.9,0.0003
ORD0095839,13.2,0.9465
ORD0095840,14.7,0.0002
ORD0095841,15.6,0.0001
ORD0095842,21.5,0.0406
ORD0095843,17.1,0.0237
ORD0095844,11.7,0.0007
ORD0095845,10.8,0.0006
ORD0095846,24.7,0.6901
ORD0095847,19.9,0.537
ORD0095848,13.9,0.0049
ORD0095849,17.8,0.0014
ORD0095850,14.7,0.9602
ORD0095851,13.2,0.9433
ORD0095852,18.5,0.9934
ORD0095853,18.6,0.9936
ORD0095854,9.6,0.047
ORD0095855,8.9,0.0159
ORD0095856,13.9,0.0089
ORD0095857,13.0,0.0072
ORD0095858,13.6,0.0233
ORD0095859,13.1,0.0215
ORD0095860,22.6,0.0007
ORD0095861,21.9,0.0013
ORD0095862,15.8,0.1681
ORD0095863,13.4,0.0014
ORD0095864,14.1,0.0044
ORD0095865,14.9,0.0052
ORD0095866,20.2,0.0031
ORD0095867,18.8,0.0017
ORD0095868,12.2,0.0073
ORD0095869,11.3,0.0015
ORD0095870,13.8,0.0056
ORD0095871,11.1,0.0015
ORD0095872,12.0,0.0417
ORD0095873,10.3,0.0024
ORD0095874,25.0,0.0025
ORD0095875,11.1,0.0397
ORD0095876,11.8,0.0414
ORD0095877,14.2,0.0103
ORD0095878,13.9,0.0101
ORD0095879,10.6,0.0018
ORD0095880,11.7,0.0074
ORD0095881,9.9,0.2704
ORD0095882,13.1,0.3163
ORD0095883,13.0,0.8607
ORD0095884,10.3,0.8994
ORD0095885,7.2,0.0027
ORD0095886,6.0,0.0081
ORD0095887,10.2,0.0036
ORD0095888,9.2,0.0157
ORD0095889,8.6,0.0193
ORD0095890,8.2,0.0006
ORD0095891,8.7,0.0001
ORD0095892,8.5,0.0013
ORD0095893,8.1,0.0007
ORD0095894,7.6,0.0001
ORD0095895,7.3,0.0001
ORD0095896,8.2,0.0064
ORD0095897,8.2,0.0018
ORD0095898,8.4,0.061
ORD0095899,9.6,0.0197
ORD0095900,10.0,0.2617
ORD0095901,7.6,0.0002
ORD0095902,7.5,0.0002
ORD0095903,14.9,0.0003
ORD0095904,12.7,0.0011
ORD0095905,20.9,0.0002
ORD0095906,24.4,0.0009
ORD0095907,8.0,0.0008
ORD0095908,11.3,0.0142
ORD0095909,10.8,0.0019
ORD0095910,16.5,0.001
ORD0095911,14.6,0.0028
ORD0095912,16.6,0.0002
ORD0095913,17.2,0.0499
ORD0095914,16.1,0.0006
ORD0095915,10.2,0.0002
ORD0095916,9.7,0.0001
ORD0095917,15.0,0.6889
ORD0095918,15.4,0.0021
ORD0095919,13.6,0.0005
ORD0095920,14.9,0.2541
ORD0095921,14.5,0.3181
ORD0095922,7.2,0.045
ORD0095923,6.9,0.0825
ORD0095924,11.9,0.4879
ORD0095925,9.6,0.6719
ORD0095926,21.5,0.8316
ORD0095927,19.7,0.9398
ORD0095928,13.7,0.0989
ORD0095929,9.0,0.1259
ORD0095930,15.9,0.2549
ORD0095931,10.0,0.3451
ORD0095932,19.5,0.3474
ORD0095933,15.3,0.3933
ORD0095934,11.7,0.4998
ORD0095935,11.4,0.7796
ORD0095936,10.9,0.0005
ORD0095937,11.8,0.0352
ORD0095938,12.3,0.0013
ORD0095939,33.9,0.0033
ORD0095940,15.3,0.0091
ORD0095941,9.7,0.002
ORD0095942,10.4,0.0001
ORD0095943,10.6,0.0709
ORD0095944,13.5,0.0439
ORD0095945,12.5,0.0002
ORD0095946,12.4,0.0005
ORD0095947,10.9,0.0011
ORD0095948,16.5,0.0052
ORD0095949,14.3,0.0003
ORD0095950,25.5,0.0368
ORD0095951,27.5,0.529
ORD0095952,16.8,0.0216
ORD0095953,12.8,0.0001
ORD0095954,11.0,0.0002
ORD0095955,14.0,0.0005
ORD0095956,22.3,0.9649
ORD0095957,13.9,0.0085
ORD0095958,12.6,0.0016
ORD0095959,13.9,0.1299
ORD0095960,18.9,0.0022
ORD0095961,16.7,0.0001
ORD0095962,11.9,0.0034
ORD0095963,20.9,0.9912
ORD0095964,11.2,0.0001
ORD0095965,12.0,0.0001
ORD0095966,13.3,0.0007
ORD0095967,21.0,0.0002
ORD0095968,11.2,0.0037
ORD0095969,7.8,0.0003
ORD0095970,13.4,0.0249
ORD0095971,20.5,0.4176
ORD0095972,16.4,0.9503
ORD0095973,17.6,0.0008
ORD0095974,23.3,0.0027
ORD0095975,24.1,0.0001
ORD0095976,12.4,0.0017
ORD0095977,13.4,0.0023
ORD0095978,14.4,0.0005
ORD0095979,62.1,0.001
ORD0095980,73.9,0.0018
ORD0095981,24.0,0.0003
ORD0095982,19.0,0.012
ORD0095983,22.6,0.0004
ORD0095984,13.6,0.0004
ORD0095985,13.0,0.0003
ORD0095986,23.6,0.1878
ORD0095987,20.4,0.0027
ORD0095988,17.3,0.001
ORD0095989,13.6,0.8471
ORD0095990,17.8,0.9886
ORD0095991,10.1,0.0118
ORD0095992,55.1,0.0002
ORD0095993,13.4,0.0837
ORD0095994,13.9,0.0455
ORD0095995,17.4,0.3389
ORD0095996,15.0,0.189
ORD0095997,28.7,0.0026
ORD0095998,26.3,0.002
ORD0095999,15.9,0.739
ORD0096000,17.8,0.5779
ORD0096001,18.7,0.0089
ORD0096002,19.8,0.0052
ORD0096003,19.0,0.0766
ORD0096004,13.7,0.0251
ORD0096005,23.8,0.0021
ORD0096006,15.5,0.0034
ORD0096007,13.0,0.0024
ORD0096008,11.7,0.0097
ORD0096009,10.1,0.0103
ORD0096010,15.1,0.003
ORD0096011,13.6,0.9335
ORD0096012,11.1,0.0009
ORD0096013,9.1,0.0242
ORD0096014,8.8,0.0036
ORD0096015,11.2,0.1825
ORD0096016,8.9,0.0073
ORD0096017,8.7,0.0052
ORD0096018,9.2,0.008
ORD0096019,11.8,0.0115
ORD0096020,9.8,0.0313
ORD0096021,8.6,0.0235
ORD0096022,11.0,0.0088
ORD0096023,10.7,0.0002
ORD0096024,11.2,0.0004
ORD0096025,10.7,0.0444
ORD0096026,10.5,0.0005
ORD0096027,10.9,0.3935
ORD0096028,11.0,0.0007
ORD0096029,11.1,0.9443
ORD0096030,10.3,0.0011
ORD0096031,12.8,0.9839
ORD0096032,10.3,0.0022
ORD0096033,10.3,0.0021
ORD0096034,10.3,0.0002
ORD0096035,14.6,0.0006
ORD0096036,14.6,0.8557
ORD0096037,17.6,0.0005
ORD0096038,30.8,0.4732
ORD0096039,13.2,0.0032
ORD0096040,12.1,0.0156
ORD0096041,15.0,0.9959
ORD0096042,19.5,0.0007
ORD0096043,16.3,0.0019
ORD0096044,16.8,0.0023
ORD0096045,20.1,0.0187
ORD0096046,11.0,0.0001
ORD0096047,11.8,0.0003
ORD0096048,18.8,0.4632
ORD0096049,17.9,0.0691
ORD0096050,15.0,0.0003
ORD0096051,15.3,0.0016
ORD0096052,20.0,0.3529
ORD0096053,14.5,0.1312
ORD0096054,9.4,0.0634
ORD0096055,10.2,0.0489
ORD0096056,11.8,0.6779
ORD0096057,13.8,0.3035
ORD0096058,22.5,0.9447
ORD0096059,19.9,0.5721
ORD0096060,11.0,0.1434
ORD0096061,13.3,0.1944
ORD0096062,11.9,0.1909
ORD0096063,11.4,0.3653
ORD0096064,12.2,0.3278
ORD0096065,22.4,0.1028
ORD0096066,21.7,0.3336
ORD0096067,12.8,0.1836
ORD0096068,12.6,0.5157
ORD0096069,15.8,0.001
ORD0096070,12.4,0.002
ORD0096071,16.1,0.0022
ORD0096072,13.7,0.0062
ORD0096073,32.1,0.0095
ORD0096074,20.1,0.0344
ORD0096075,19.6,0.0226
ORD0096076,31.8,0.0007
ORD0096077,11.8,0.0002
ORD0096078,13.9,0.0425
ORD0096079,11.1,0.0008
ORD0096080,15.0,0.9236
ORD0096081,14.2,0.0003
ORD0096082,17.4,0.9314
ORD0096083,15.9,0.0001
ORD0096084,14.5,0.0099
ORD0096085,16.6,0.0021
ORD0096086,14.1,0.0012
ORD0096087,26.7,0.0096
ORD0096088,30.0,0.3554
ORD0096089,34.0,0.0764
ORD0096090,15.7,0.0001
ORD0096091,13.5,0.0001
ORD0096092,13.7,0.0001
ORD0096093,14.3,0.0124
ORD0096094,18.8,0.0004
ORD0096095,18.8,0.0002
ORD0096096,14.7,0.0004
ORD0096097,20.7,0.9243
ORD0096098,15.3,0.0008
ORD0096099,21.0,0.0009
ORD0096100,16.5,0.0005
ORD0096101,16.9,0.0024
ORD0096102,23.8,0.988
ORD0096103,77.1,0.0097
ORD0096104,61.1,0.0049
ORD0096105,69.2,0.0039
ORD0096106,66.5,0.0051
ORD0096107,30.6,0.0003
ORD0096108,68.2,0.0003
ORD0096109,14.0,0.0002
ORD0096110,13.4,0.0017
ORD0096111,13.4,0.0012
ORD0096112,15.1,0.0049
ORD0096113,25.5,0.0002
ORD0096114,19.9,0.0001
ORD0096115,12.5,0.0031
ORD0096116,14.7,0.0124
ORD0096117,23.6,0.1273
ORD0096118,22.2,0.1149
ORD0096119,23.2,0.9438
ORD0096120,29.9,0.0013
ORD0096121,18.3,0.9851
ORD0096122,18.6,0.8771
ORD0096123,14.5,0.0001
ORD0096124,20.6,0.0012
ORD0096125,29.8,0.0273
ORD0096126,14.3,0.0004
ORD0096127,15.3,0.0009
ORD0096128,26.0,0.7435
ORD0096129,23.5,0.2436
ORD0096130,22.3,0.0015
ORD0096131,19.3,0.0047
ORD0096132,20.7,0.9772
ORD0096133,24.5,0.9976
ORD0096134,20.0,0.8823
ORD0096135,12.3,0.0281
ORD0096136,11.9,0.094
ORD0096137,15.4,0.036
ORD0096138,16.5,0.0939
ORD0096139,19.2,0.191
ORD0096140,18.6,0.2989
ORD0096141,29.6,0.0008
ORD0096142,26.7,0.0013
ORD0096143,19.6,0.6568
ORD0096144,21.5,0.8334
ORD0096145,24.5,0.0027
ORD0096146,21.9,0.0057
ORD0096147,17.7,0.0197
ORD0096148,17.8,0.084
ORD0096149,24.7,0.1219
ORD0096150,28.9,0.1067
ORD0096151,15.8,0.3761
ORD0096152,19.0,0.2453
ORD0096153,20.5,0.0443
ORD0096154,15.2,0.0313
ORD0096155,17.2,0.7471
ORD0096156,15.3,0.4444
ORD0096157,14.3,0.037
ORD0096158,21.1,0.5921
ORD0096159,20.5,0.0069
ORD0096160,20.5,0.1812
ORD0096161,15.3,0.176
ORD0096162,14.1,0.0451
ORD0096163,13.3,0.386
ORD0096164,14.4,0.7894
ORD0096165,10.7,0.0055
ORD0096166,12.3,0.139
ORD0096167,15.1,0.0484
ORD0096168,15.9,0.8337
ORD0096169,12.7,0.3435
ORD0096170,11.6,0.003
ORD0096171,10.8,0.0004
ORD0096172,12.6,0.0002
ORD0096173,11.8,0.0001
ORD0096174,10.6,0.0099
ORD0096175,12.7,0.001
ORD0096176,10.1,0.0003
ORD0096177,10.7,0.0002
ORD0096178,11.3,0.0491
ORD0096179,10.8,0.0015
ORD0096180,12.0,0.4204
ORD0096181,10.6,0.0165
ORD0096182,12.8,0.8028
ORD0096183,11.1,0.0271
ORD0096184,10.0,0.0007
ORD0096185,18.7,0.0004
ORD0096186,17.4,0.0006
ORD0096187,24.8,0.0003
ORD0096188,11.1,0.0018
ORD0096189,18.8,0.0065
ORD0096190,11.7,0.0029
ORD0096191,29.4,0.0003
ORD0096192,55.4,0.0127
ORD0096193,58.1,0.9621
ORD0096194,67.8,0.0007
ORD0096195,54.9,0.0002
ORD0096196,80.8,0.0005
ORD0096197,21.6,0.0009
ORD0096198,18.5,0.001
ORD0096199,19.9,0.0026
ORD0096200,23.5,0.0064
ORD0096201,22.8,0.0437
ORD0096202,15.0,0.0001
ORD0096203,21.3,0.7659
ORD0096204,21.4,0.3265
ORD0096205,18.7,0.0004
ORD0096206,20.6,0.2062
ORD0096207,11.2,0.0323
ORD0096208,15.4,0.4809
ORD0096209,12.2,0.1498
ORD0096210,27.5,0.7187
ORD0096211,20.6,0.3867
ORD0096212,15.4,0.0661
ORD0096213,12.9,0.0611
ORD0096214,13.8,0.3473
ORD0096215,12.6,0.1049
ORD0096216,13.8,0.6046
ORD0096217,12.6,0.2054
ORD0096218,29.5,0.393
ORD0096219,15.3,0.4708
ORD0096220,12.0,0.301
ORD0096221,17.1,0.001
ORD0096222,16.5,0.0028
ORD0096223,16.5,0.0003
ORD0096224,41.4,0.0123
ORD0096225,39.0,0.0012
ORD0096226,25.7,0.1917
ORD0096227,21.3,0.0084
ORD0096228,11.9,0.0019
ORD0096229,11.5,0.0002
ORD0096230,13.7,0.1075
ORD0096231,10.9,0.0011
ORD0096232,15.9,0.0217
ORD0096233,14.1,0.0006
ORD0096234,17.5,0.0018
ORD0096235,14.3,0.005
ORD0096236,18.7,0.0069
ORD0096237,16.0,0.001
ORD0096238,24.3,0.0153
ORD0096239,35.7,0.4049
ORD0096240,30.6,0.2214
ORD0096241,17.0,0.0003
ORD0096242,12.3,0.0002
ORD0096243,14.8,0.0007
ORD0096244,13.2,0.0044
ORD0096245,16.4,0.0002
ORD0096246,19.3,0.0109
ORD0096247,20.3,0.9425
ORD0096248,22.0,0.0012
ORD0096249,18.2,0.0004
ORD0096250,19.4,0.0867
ORD0096251,104.1,0.1204
ORD0096252,75.5,0.0069
ORD0096253,56.3,0.0017
ORD0096254,16.4,0.0031
ORD0096255,18.3,0.0213
ORD0096256,12.5,0.0008
ORD0096257,26.6,0.0007
ORD0096258,12.1,0.0177
ORD0096259,10.6,0.0051
ORD0096260,18.3,0.3524
ORD0096261,15.2,0.0319
ORD0096262,22.6,0.4075
ORD0096263,25.9,0.641
ORD0096264,24.6,0.9665
ORD0096265,38.5,0.0111
ORD0096266,39.2,0.0006
ORD0096267,18.2,0.9943
ORD0096268,16.8,0.0008
ORD0096269,18.9,0.0001
ORD0096270,32.3,0.0547
ORD0096271,18.1,0.0005
ORD0096272,34.2,0.8658
ORD0096273,21.4,0.0018
ORD0096274,20.5,0.0003
ORD0096275,21.6,0.9829
ORD0096276,13.5,0.0108
ORD0096277,24.0,0.998
ORD0096278,15.9,0.0209
ORD0096279,14.4,0.0023
ORD0096280,15.6,0.006
ORD0096281,18.5,0.0412
ORD0096282,38.2,0.0004
ORD0096283,17.8,0.2588
ORD0096284,18.6,0.0016
ORD0096285,22.1,0.0012
ORD0096286,35.4,0.0011
ORD0096287,20.3,0.0035
ORD0096288,59.4,0.0065
ORD0096289,57.8,0.0007
ORD0096290,33.1,0.9523
ORD0096291,18.6,0.9838
ORD0096292,20.2,0.0865
ORD0096293,22.6,0.8521
ORD0096294,19.4,0.9938
ORD0096295,17.9,0.4309
ORD0096296,46.9,0.0494
ORD0096297,32.0,0.0422
ORD0096298,13.2,0.0137
ORD0096299,18.6,0.4314
ORD0096300,17.9,0.0008
ORD0096301,20.0,0.0576
ORD0096302,17.1,0.0067
ORD0096303,17.1,0.0131
ORD0096304,13.1,0.0627
ORD0096305,15.7,0.554
ORD0096306,28.3,0.003
ORD0096307,45.3,0.0012
ORD0096308,34.3,0.0015
ORD0096309,10.9,0.0115
ORD0096310,15.4,0.0662
ORD0096311,13.8,0.0672
ORD0096312,12.2,0.346
ORD0096313,9.7,0.0007
ORD0096314,10.6,0.0189
ORD0096315,11.6,0.0001
ORD0096316,11.9,0.001
ORD0096317,9.9,0.0016
ORD0096318,9.8,0.0002
ORD0096319,10.3,0.0043
ORD0096320,11.0,0.3906
ORD0096321,10.7,0.0259
ORD0096322,11.4,0.273
ORD0096323,11.6,0.8906
ORD0096324,10.5,0.0053
ORD0096325,10.2,0.0039
ORD0096326,16.4,0.0043
ORD0096327,17.8,0.0008
ORD0096328,26.0,0.0011
ORD0096329,27.9,0.0003
ORD0096330,14.1,0.0466
ORD0096331,14.0,0.003
ORD0096332,19.9,0.4726
ORD0096333,19.8,0.0231
ORD0096334,19.0,0.0015
ORD0096335,27.9,0.526
ORD0096336,23.1,0.9614
ORD0096337,20.0,0.0599
ORD0096338,17.4,0.0006
ORD0096339,20.0,0.9936
ORD0096340,16.4,0.0027
ORD0096341,17.8,0.0005
ORD0096342,22.2,0.6379
ORD0096343,14.0,0.0072
ORD0096344,10.1,0.0818
ORD0096345,17.5,0.933
ORD0096346,24.8,0.9941
ORD0096347,21.1,0.0288
ORD0096348,18.0,0.3018
ORD0096349,16.3,0.2366
ORD0096350,15.0,0.4614
ORD0096351,11.6,0.2809
ORD0096352,23.2,0.3641
ORD0096353,18.2,0.1421
ORD0096354,15.1,0.4664
ORD0096355,86.3,0.1784
ORD0096356,19.2,0.0262
ORD0096357,14.3,0.011
ORD0096358,18.5,0.2413
ORD0096359,16.6,0.1117
ORD0096360,47.8,0.9413
ORD0096361,63.7,0.8856
ORD0096362,28.1,0.9913
ORD0096363,27.6,0.9618
ORD0096364,12.9,0.7886
ORD0096365,15.0,0.9983
ORD0096366,11.8,0.0065
ORD0096367,17.5,0.9967
ORD0096368,12.0,0.0019
ORD0096369,18.1,0.0348
ORD0096371,19.0,0.1143
ORD0096373,25.5,0.9106
ORD0096374,20.8,0.0266
ORD0096375,39.2,0.989
ORD0096376,31.1,0.7575
ORD0096377,17.2,0.0013
ORD0096378,17.7,0.0065
ORD0096380,17.2,0.0026
ORD0096382,24.4,0.6791
ORD0096383,17.4,0.9796
ORD0096385,20.6,0.0129
ORD0096386,17.7,0.0014
ORD0096387,18.3,0.9917
ORD0096389,12.5,0.0002
ORD0096390,11.8,0.0007
ORD0096391,11.3,0.0012
ORD0096392,21.1,0.0001
ORD0096393,21.3,0.0004
ORD0096394,11.8,0.0017
ORD0096395,13.4,0.1283
ORD0096396,16.3,0.0032
ORD0096397,14.6,0.0052
ORD0096398,16.0,0.0084
ORD0096399,19.8,0.0565
ORD0096400,23.1,0.9233
ORD0096401,33.3,0.0005
ORD0096402,42.5,0.0257
ORD0096403,14.9,0.5031
ORD0096404,13.4,0.0439
ORD0096405,15.1,0.0002
ORD0096406,17.6,0.0018
ORD0096407,67.2,0.0003
ORD0096408,25.1,0.2842
ORD0096409,26.3,0.9408
ORD0096410,15.9,0.0011
ORD0096411,15.7,0.0258
ORD0096412,33.9,0.9611
ORD0096413,20.0,0.007
ORD0096414,17.7,0.9913
ORD0096415,15.1,0.9831
ORD0096416,20.7,0.997
ORD0096417,21.7,0.9985
ORD0096418,12.3,0.1026
ORD0096419,13.4,0.6648
ORD0096420,15.6,0.6441
ORD0096421,19.2,0.9027
ORD0096422,33.3,0.0041
ORD0096423,26.8,0.0118
ORD0096424,20.6,0.9831
ORD0096425,22.0,0.0414
ORD0096426,17.7,0.4136
ORD0096427,20.4,0.1727
ORD0096428,22.9,0.0072
ORD0096429,26.1,0.9694
ORD0096430,17.9,0.0227
ORD0096431,19.0,0.9911
ORD0096432,18.2,0.0041
ORD0096433,15.6,0.6789
ORD0096434,15.3,0.1565
ORD0096435,13.3,0.1684
ORD0096436,12.6,0.0035
ORD0096437,18.4,0.0227
ORD0096438,19.8,0.0009
ORD0096439,15.7,0.0074
ORD0096440,11.5,0.0004
ORD0096441,11.0,0.0171
ORD0096442,11.6,0.6071
ORD0096443,11.9,0.0948
ORD0096444,36.1,0.0031
ORD0096445,9.4,0.0086
ORD0096446,14.1,0.0199
ORD0096447,16.2,0.745
ORD0096448,11.6,0.1741
ORD0096449,13.1,0.9768
ORD0096450,14.1,0.0015
ORD0096451,11.5,0.1681
ORD0096452,12.8,0.0021
ORD0096453,12.8,0.0012
ORD0096454,13.1,0.0047
ORD0096455,13.7,0.5698
ORD0096456,11.6,0.0005
ORD0096457,11.0,0.0027
ORD0096458,11.2,0.0072
ORD0096459,12.1,0.0318
ORD0096460,12.5,0.9362
ORD0096461,11.2,0.1742
ORD0096462,11.2,0.0103
ORD0096463,11.4,0.0283
ORD0096464,18.2,0.0069
ORD0096465,22.7,0.0026
ORD0096466,13.6,0.0646
ORD0096467,17.1,0.9703
ORD0096468,24.0,0.6622
ORD0096469,15.6,0.9983
ORD0096470,19.8,0.0133
ORD0096471,19.8,0.0876
ORD0096472,19.6,0.2002
ORD0096473,23.9,0.6331
ORD0096474,21.5,0.8529
ORD0096475,23.2,0.9851
ORD0096476,16.8,0.0007
ORD0096477,13.9,0.0008
ORD0096478,24.7,0.9933
ORD0096479,23.9,0.9971
ORD0096480,15.6,0.0022
ORD0096481,17.0,0.0115
ORD0096482,29.1,0.0004
ORD0096483,18.4,0.4815
ORD0096484,17.3,0.5894
ORD0096485,10.2,0.0958
ORD0096486,8.8,0.0693
ORD0096487,16.2,0.8454
ORD0096488,16.6,0.9241
ORD0096489,27.5,0.9775
ORD0096490,14.9,0.2296
ORD0096491,12.3,0.2664
ORD0096492,28.4,0.0215
ORD0096493,16.1,0.2569
ORD0096494,13.4,0.9051
ORD0096495,14.3,0.5486
ORD0096496,29.5,0.3319
ORD0096497,22.9,0.4953
ORD0096498,15.5,0.6025
ORD0096499,15.6,0.0021
ORD0096500,21.3,0.0068
ORD0096501,15.1,0.0007
ORD0096502,53.6,0.155
ORD0096503,38.4,0.0017
ORD0096504,22.1,0.7089
ORD0096505,9.8,0.0011
ORD0096506,10.3,0.0149
ORD0096507,12.9,0.0046
ORD0096508,14.9,0.0017
ORD0096509,13.0,0.0027
ORD0096510,22.4,0.0092
ORD0096511,19.3,0.0011
ORD0096512,34.7,0.0719
ORD0096513,22.3,0.1517
ORD0096514,14.2,0.0004
ORD0096515,11.6,0.0002
ORD0096516,11.8,0.0007
ORD0096517,14.6,0.0004
ORD0096518,12.3,0.0027
ORD0096519,17.6,0.0118
ORD0096520,19.0,0.9438
ORD0096521,13.8,0.0413
ORD0096522,17.1,0.9987
ORD0096523,17.8,0.001
ORD0096524,14.4,0.2042
ORD0096525,22.7,0.8348
ORD0096526,13.9,0.0004
ORD0096527,13.6,0.0003
ORD0096528,13.6,0.0023
ORD0096529,21.6,0.0002
ORD0096530,17.2,0.0002
ORD0096531,10.6,0.0024
ORD0096532,13.6,0.0063
ORD0096533,13.8,0.0013
ORD0096534,16.3,0.01
ORD0096535,18.7,0.0049
ORD0096536,16.9,0.15
ORD0096537,15.7,0.048
ORD0096538,27.6,0.0007
ORD0096539,14.2,0.6244
ORD0096540,15.2,0.3657
ORD0096541,15.0,0.0002
ORD0096542,29.0,0.0066
ORD0096543,17.8,0.0108
ORD0096544,14.6,0.0004
ORD0096545,27.8,0.1686
ORD0096546,16.2,0.2482
ORD0096547,16.0,0.0006
ORD0096548,20.2,0.0034
ORD0096549,18.2,0.8221
ORD0096550,14.3,0.8891
ORD0096551,17.7,0.9799
ORD0096552,18.3,0.9891
ORD0096553,11.3,0.004
ORD0096554,22.9,0.0004
ORD0096555,26.1,0.0007
ORD0096556,14.7,0.0169
ORD0096557,13.5,0.0022
ORD0096558,15.2,0.0297
ORD0096559,13.3,0.0092
ORD0096560,25.2,0.0009
ORD0096561,15.1,0.2349
ORD0096562,15.6,0.0376
ORD0096563,22.0,0.0028
ORD0096564,18.5,0.0021
ORD0096565,15.3,0.0066
ORD0096566,18.8,0.0725
ORD0096567,19.6,0.0033
ORD0096568,14.3,0.4302
ORD0096569,13.4,0.0219
ORD0096570,12.7,0.002
ORD0096571,14.3,0.8587
ORD0096572,12.8,0.0065
ORD0096573,12.1,0.0556
ORD0096574,14.4,0.0107
ORD0096575,13.3,0.2014
ORD0096576,14.2,0.4677
ORD0096577,9.5,0.0005
ORD0096578,13.9,0.9145
ORD0096579,9.8,0.001
ORD0096580,7.5,0.008
ORD0096581,9.9,0.0836
ORD0096582,13.2,0.0205
ORD0096583,10.7,0.302
ORD0096584,10.4,0.2178
ORD0096585,10.0,0.8808
ORD0096586,12.7,0.553
ORD0096587,12.0,0.0061
ORD0096588,11.2,0.0032
ORD0096589,11.9,0.955
ORD0096590,11.3,0.0111
ORD0096591,11.3,0.02
ORD0096592,10.9,0.0028
ORD0096593,11.7,0.9916
ORD0096594,11.7,0.9921
ORD0096595,12.5,0.996
ORD0096596,10.8,0.0277
ORD0096597,11.3,0.1789
ORD0096598,15.3,0.0049
ORD0096599,22.5,0.005
ORD0096600,24.3,0.5037
ORD0096601,11.4,0.0197
ORD0096602,15.8,0.9181
ORD0096603,15.3,0.235
ORD0096604,13.5,0.9948
ORD0096605,20.8,0.0004
ORD0096606,20.0,0.0015
ORD0096607,20.5,0.0024
ORD0096608,20.0,0.0108
ORD0096609,18.7,0.008
ORD0096610,15.8,0.0002
ORD0096611,11.8,0.0002
ORD0096612,17.5,0.2092
ORD0096613,16.6,0.0002
ORD0096614,14.6,0.0005
ORD0096615,70.4,0.0002
ORD0096616,26.3,0.0002
ORD0096617,19.8,0.9279
ORD0096618,10.6,0.5972
ORD0096619,10.5,0.7159
ORD0096620,14.0,0.9758
ORD0096621,22.6,0.9954
ORD0096622,16.6,0.7769
ORD0096623,13.0,0.8693
ORD0096624,15.7,0.1721
ORD0096625,12.0,0.6689
ORD0096626,12.1,0.3965
ORD0096627,12.8,0.1316
ORD0096628,23.4,0.3197
ORD0096629,14.4,0.5505
ORD0096630,16.7,0.9327
ORD0096631,43.1,0.2757
ORD0096632,16.9,0.0006
ORD0096633,13.8,0.0019
ORD0096634,17.9,0.0028
ORD0096635,40.5,0.0046
ORD0096636,38.4,0.0047
ORD0096637,21.1,0.039
ORD0096638,21.6,0.0227
ORD0096639,9.0,0.0002
ORD0096640,9.0,0.0001
ORD0096641,9.0,0.0007
ORD0096642,8.9,0.0001
ORD0096643,11.5,0.0005
ORD0096644,12.0,0.001
ORD0096645,15.0,0.0036
ORD0096646,19.6,0.018
ORD0096647,20.3,0.002
ORD0096648,28.8,0.3469
ORD0096649,12.7,0.0001
ORD0096650,12.9,0.0006
ORD0096651,10.8,0.0004
ORD0096652,13.5,0.0105
ORD0096653,15.5,0.0002
ORD0096654,12.4,0.0001
ORD0096655,21.7,0.9407
ORD0096656,16.6,0.9884
ORD0096657,17.5,0.9944
ORD0096658,17.6,0.9991
ORD0096659,17.8,0.0013
ORD0096660,15.6,0.0041
ORD0096661,64.1,0.002
ORD0096662,69.7,0.0009
ORD0096663,46.5,0.0009
ORD0096664,10.7,0.0042
ORD0096665,11.5,0.0002
ORD0096666,11.7,0.1577
ORD0096667,10.6,0.0006
ORD0096668,19.0,0.0001
ORD0096669,15.6,0.0001
ORD0096670,10.7,0.001
ORD0096671,7.6,0.0017
ORD0096672,12.8,0.004
ORD0096673,10.8,0.0103
ORD0096674,15.5,0.0473
ORD0096675,18.8,0.1735
ORD0096676,14.1,0.7006
ORD0096677,19.3,0.8486
ORD0096678,18.6,0.0005
ORD0096679,29.9,0.0019
ORD0096680,13.9,0.7596
ORD0096681,15.8,0.0002
ORD0096682,13.5,0.0004
ORD0096683,23.6,0.0165
ORD0096684,21.2,0.0549
ORD0096685,16.6,0.0004
ORD0096686,11.3,0.0008
ORD0096687,22.4,0.5203
ORD0096688,21.6,0.7452
ORD0096689,14.9,0.0011
ORD0096690,16.3,0.0029
ORD0096691,19.1,0.9316
ORD0096692,13.7,0.9741
ORD0096693,16.8,0.9917
ORD0096694,16.8,0.9863
ORD0096695,9.7,0.0148
ORD0096696,9.4,0.0555
ORD0096697,57.2,0.0003
ORD0096698,12.7,0.0437
ORD0096699,12.7,0.003
ORD0096700,16.5,0.2133
ORD0096701,12.5,0.0069
ORD0096702,24.1,0.0016
ORD0096703,19.0,0.0009
ORD0096704,14.2,0.5711
ORD0096705,19.2,0.0067
ORD0096706,13.6,0.032
ORD0096707,14.9,0.0016
ORD0096708,19.2,0.0072
ORD0096709,18.0,0.0025
ORD0096710,11.1,0.0145
ORD0096711,15.9,0.005
ORD0096712,17.8,0.0036
ORD0096713,12.3,0.0022
ORD0096714,12.3,0.0831
ORD0096715,12.4,0.0171
ORD0096716,26.5,0.0024
ORD0096717,11.5,0.02
ORD0096718,10.5,0.0097
ORD0096719,12.8,0.0076
ORD0096720,13.7,0.0038
ORD0096721,10.6,0.0052
ORD0096722,10.4,0.0014
ORD0096723,8.7,0.0008
ORD0096724,9.1,0.0292
ORD0096725,10.6,0.0647
ORD0096726,9.6,0.0057
ORD0096727,9.5,0.0035
ORD0096728,8.0,0.1444
ORD0096729,11.8,0.0053
ORD0096730,9.9,0.0634
ORD0096731,10.2,0.6689
ORD0096732,8.2,0.0003
ORD0096733,9.0,0.0001
ORD0096734,8.1,0.0008
ORD0096735,8.7,0.0004
ORD0096736,7.2,0.0001
ORD0096737,7.2,0.0001
ORD0096738,9.2,0.0015
ORD0096739,7.7,0.0007
ORD0096740,8.3,0.0034
ORD0096741,9.0,0.0059
ORD0096742,9.4,0.0346
ORD0096743,8.4,0.0001
ORD0096744,7.2,0.0002
ORD0096745,11.6,0.0003
ORD0096746,11.6,0.002
ORD0096747,16.7,0.0002
ORD0096748,23.6,0.0015
ORD0096749,9.7,0.0008
ORD0096750,9.4,0.0144
ORD0096751,10.6,0.0014
ORD0096752,17.7,0.0003
ORD0096753,16.5,0.0009
ORD0096754,15.6,0.0002
ORD0096755,16.6,0.0059
ORD0096756,15.3,0.0007
ORD0096757,12.0,0.0001
ORD0096758,9.7,0.0001
ORD0096759,13.7,0.0918
ORD0096760,16.1,0.0026
ORD0096761,11.9,0.0002
ORD0096762,14.3,0.2609
ORD0096763,13.9,0.2039
ORD0096764,8.0,0.0685
ORD0096765,6.9,0.0517
ORD0096766,13.7,0.6607
ORD0096767,8.6,0.3373
ORD0096768,18.1,0.9512
ORD0096769,19.4,0.8853
ORD0096770,10.1,0.1155
ORD0096771,9.7,0.1372
ORD0096772,13.5,0.9931
ORD0096773,13.3,0.9983
ORD0096774,21.4,0.9699
ORD0096775,17.6,0.9701
ORD0096776,16.1,0.9889
ORD0096777,10.1,0.9872
ORD0096778,13.0,0.0045
ORD0096779,15.2,0.9405
ORD0096780,14.1,0.0262
ORD0096781,40.3,0.4141
ORD0096782,19.6,0.9083
ORD0096783,13.5,0.0003
ORD0096784,13.6,0.0103
ORD0096785,14.4,0.0023
ORD0096786,17.0,0.0007
ORD0096787,17.9,0.2308
ORD0096788,21.2,0.0033
ORD0096789,17.7,0.066
ORD0096790,19.9,0.0007
ORD0096791,20.5,0.0009
ORD0096792,25.5,0.0199
ORD0096793,35.3,0.2024
ORD0096794,30.0,0.0177
ORD0096795,14.7,0.0002
ORD0096796,14.9,0.0008
ORD0096797,19.0,0.0003
ORD0096798,19.9,0.0052
ORD0096799,22.2,0.8529
ORD0096800,20.8,0.8481
ORD0096801,19.2,0.3328
ORD0096802,23.5,0.0004
ORD0096803,20.0,0.0003
ORD0096804,20.3,0.013
ORD0096805,25.6,0.851
ORD0096806,16.6,0.001
ORD0096807,16.0,0.0015
ORD0096808,16.9,0.0053
ORD0096809,23.2,0.0002
ORD0096810,16.6,0.0043
ORD0096811,16.0,0.0065
ORD0096812,18.7,0.0239
ORD0096813,23.1,0.2872
ORD0096814,20.1,0.0581
ORD0096815,25.4,0.318
ORD0096816,43.1,0.0018
ORD0096817,34.0,0.0007
ORD0096818,21.3,0.936
ORD0096819,19.2,0.8167
ORD0096820,23.0,0.0002
ORD0096821,94.5,0.0023
ORD0096822,78.2,0.241
ORD0096823,29.6,0.0003
ORD0096824,40.6,0.0415
ORD0096825,24.5,0.0017
ORD0096826,18.6,0.0005
ORD0096827,17.2,0.0006
ORD0096828,28.9,0.5446
ORD0096829,26.4,0.012
ORD0096830,21.8,0.0019
ORD0096831,21.5,0.9669
ORD0096832,23.6,0.9975
ORD0096833,13.4,0.0209
ORD0096834,20.9,0.0486
ORD0096835,17.2,0.1369
ORD0096836,21.2,0.2008
ORD0096837,22.2,0.3774
ORD0096838,38.3,0.0016
ORD0096839,27.9,0.0036
ORD0096840,21.3,0.7173
ORD0096841,24.9,0.8302
ORD0096842,24.6,0.0046
ORD0096843,22.1,0.0085
ORD0096844,21.4,0.0251
ORD0096845,20.6,0.0579
ORD0096846,26.4,0.0084
ORD0096847,23.9,0.0197
ORD0096848,23.6,0.0046
ORD0096849,17.6,0.0794
ORD0096850,16.4,0.0177
ORD0096851,20.8,0.003
ORD0096852,17.5,0.0012
ORD0096853,18.9,0.2266
ORD0096854,15.6,0.9344
ORD0096855,17.6,0.7646
ORD0096856,16.4,0.052
ORD0096857,14.4,0.9763
ORD0096858,13.8,0.7215
ORD0096859,15.2,0.968
ORD0096860,15.8,0.945
ORD0096861,14.3,0.9847
ORD0096862,14.1,0.9905
ORD0096863,14.7,0.0005
ORD0096864,13.5,0.0017
ORD0096865,13.9,0.0001
ORD0096866,14.3,0.0012
ORD0096867,12.8,0.0003
ORD0096868,13.2,0.0013
ORD0096869,14.0,0.0167
ORD0096870,14.4,0.0084
ORD0096871,19.0,0.4475
ORD0096872,14.2,0.0221
ORD0096873,14.6,0.7966
ORD0096874,12.5,0.0001
ORD0096875,12.5,0.0012
ORD0096876,16.8,0.0008
ORD0096877,22.5,0.0742
ORD0096878,23.0,0.0005
ORD0096879,26.6,0.0183
ORD0096880,14.5,0.0026
ORD0096881,17.7,0.0109
ORD0096882,15.2,0.792
ORD0096883,45.4,0.0004
ORD0096884,138.9,0.0046
ORD0096885,24.0,0.0201
ORD0096886,26.8,0.4456
ORD0096887,33.3,0.5307
ORD0096888,24.2,0.9415
ORD0096889,20.8,0.0005
ORD0096890,16.5,0.0052
ORD0096891,28.9,0.9981
ORD0096892,27.5,0.9797
ORD0096893,22.5,0.0069
ORD0096894,21.4,0.1337
ORD0096895,23.7,0.9678
ORD0096896,19.3,0.94
ORD0096897,14.9,0.9012
ORD0096898,13.4,0.9355
ORD0096899,18.4,0.9897
ORD0096900,15.9,0.9872
ORD0096901,37.0,0.9953
ORD0096902,21.6,0.9914
ORD0096903,23.5,0.9285
ORD0096904,16.4,0.2132
ORD0096905,15.9,0.204
ORD0096906,16.4,0.4536
ORD0096907,15.0,0.4136
ORD0096908,23.5,0.7994
ORD0096909,20.0,0.2253
ORD0096910,21.2,0.962
ORD0096911,17.6,0.4187
ORD0096912,106.1,0.3342
ORD0096913,19.6,0.0011
ORD0096914,17.2,0.0007
ORD0096915,20.7,0.0058
ORD0096916,22.5,0.0013
ORD0096917,52.6,0.0574
ORD0096918,27.0,0.5158
ORD0096919,23.4,0.0111
ORD0096920,36.1,0.0013
ORD0096921,11.4,0.0001
ORD0096922,16.0,0.8588
ORD0096923,11.2,0.0005
ORD0096924,16.5,0.9957
ORD0096925,14.8,0.0003
ORD0096926,17.6,0.997
ORD0096927,18.1,0.0024
ORD0096928,15.7,0.0004
ORD0096929,17.8,0.0016
ORD0096930,19.8,0.006
ORD0096931,25.5,0.0058
ORD0096932,26.5,0.4778
ORD0096933,38.9,0.0563
ORD0096934,15.3,0.0002
ORD0096935,14.1,0.0002
ORD0096936,15.5,0.0008
ORD0096937,15.0,0.0649
ORD0096938,16.1,0.0003
ORD0096939,17.6,0.0021
ORD0096940,19.0,0.0175
ORD0096941,24.2,0.9925
ORD0096942,19.8,0.3021
ORD0096943,17.7,0.0007
ORD0096944,18.1,0.001
ORD0096945,24.9,0.866
ORD0096946,30.7,0.999
ORD0096947,57.9,0.0037
ORD0096948,70.5,0.988
ORD0096949,62.6,0.0019
ORD0096950,76.9,0.2139
ORD0096951,31.6,0.0013
ORD0096952,76.6,0.0003
ORD0096953,13.6,0.0009
ORD0096954,13.3,0.0021
ORD0096955,19.4,0.0055
ORD0096956,15.2,0.0063
ORD0096957,24.9,0.0001
ORD0096958,23.6,0.0002
ORD0096959,13.0,0.0002
ORD0096960,16.0,0.0444
ORD0096961,20.0,0.0004
ORD0096962,22.5,0.2393
ORD0096963,20.1,0.0011
ORD0096964,42.0,0.0001
ORD0096965,14.4,0.3502
ORD0096966,17.1,0.8456
ORD0096967,22.8,0.0003
ORD0096968,19.8,0.0009
ORD0096969,39.6,0.9831
ORD0096970,20.6,0.1781
ORD0096971,17.1,0.3093
ORD0096972,47.7,0.998
ORD0096973,38.1,0.9961
ORD0096974,26.2,0.995
ORD0096975,24.8,0.9321
ORD0096976,26.8,0.9985
ORD0096977,20.2,0.9994
ORD0096978,25.0,0.9975
ORD0096979,16.2,0.9034
ORD0096980,15.1,0.9924
ORD0096981,15.4,0.1321
ORD0096982,14.5,0.0042
ORD0096983,20.5,0.5927
ORD0096984,17.3,0.0114
ORD0096985,39.5,0.0021
ORD0096986,29.0,0.0004
ORD0096987,21.7,0.9387
ORD0096988,17.1,0.0822
ORD0096989,28.1,0.0125
ORD0096990,30.3,0.0013
ORD0096991,29.5,0.0959
ORD0096992,18.1,0.0032
ORD0096993,26.3,0.0023
ORD0096994,32.4,0.002
ORD0096995,16.7,0.0043
ORD0096996,21.6,0.0045
ORD0096997,23.1,0.0021
ORD0096998,14.8,0.0018
ORD0096999,15.2,0.0131
ORD0097000,13.6,0.0095
ORD0097001,14.8,0.0231
ORD0097002,15.2,0.029
ORD0097003,19.2,0.006
ORD0097004,19.6,0.0053
ORD0097005,16.1,0.1359
ORD0097006,15.6,0.0018
ORD0097007,14.9,0.075
ORD0097008,15.3,0.5892
ORD0097009,12.6,0.0067
ORD0097010,11.3,0.1281
ORD0097011,14.9,0.0133
ORD0097012,16.8,0.5736
ORD0097013,12.4,0.065
ORD0097014,13.1,0.0001
ORD0097015,10.3,0.0008
ORD0097016,12.1,0.0001
ORD0097017,12.8,0.0002
ORD0097018,11.4,0.0002
ORD0097019,11.7,0.004
ORD0097020,10.7,0.0001
ORD0097021,10.1,0.0004
ORD0097022,10.6,0.0002
ORD0097023,12.2,0.0293
ORD0097024,10.6,0.0004
ORD0097025,13.2,0.455
ORD0097026,11.0,0.0022
ORD0097027,10.7,0.0001
ORD0097028,10.6,0.0001
ORD0097029,14.4,0.0005
ORD0097030,19.7,0.2914
ORD0097031,25.6,0.0003
ORD0097032,13.5,0.0034
ORD0097033,13.9,0.0035
ORD0097034,13.8,0.9356
ORD0097035,30.0,0.0002
ORD0097036,65.9,0.0013
ORD0097037,46.7,0.1256
ORD0097038,51.6,0.0006
ORD0097039,58.8,0.0002
ORD0097040,22.6,0.0017
ORD0097041,18.6,0.005
ORD0097042,19.9,0.0072
ORD0097043,22.2,0.3438
ORD0097044,23.7,0.2729
ORD0097045,20.8,0.0002
ORD0097046,22.4,0.9554
ORD0097047,20.9,0.9717
ORD0097048,16.7,0.0007
ORD0097049,23.8,0.9849
ORD0097050,13.7,0.8726
ORD0097051,18.4,0.9948
ORD0097052,13.3,0.7424
ORD0097053,28.3,0.9989
ORD0097054,21.4,0.9589
ORD0097055,21.2,0.9494
ORD0097056,14.7,0.4438
ORD0097057,19.9,0.2796
ORD0097058,13.0,0.1469
ORD0097059,14.9,0.5423
ORD0097060,13.4,0.5273
ORD0097061,25.6,0.4386
ORD0097062,15.6,0.6099
ORD0097063,13.1,0.4126
ORD0097064,19.8,0.0012
ORD0097065,22.3,0.0023
ORD0097066,18.8,0.0002
ORD0097067,52.6,0.082
ORD0097068,39.3,0.0004
ORD0097069,28.0,0.2467
ORD0097070,21.0,0.0058
ORD0097071,12.8,0.0014
ORD0097072,12.9,0.0017
ORD0097073,13.8,0.2045
ORD0097074,13.5,0.2483
ORD0097075,16.0,0.0662
ORD0097076,14.7,0.0876
ORD0097077,18.8,0.0003
ORD0097078,20.9,0.9882
ORD0097079,19.1,0.0016
ORD0097080,22.3,0.8197
ORD0097081,34.3,0.0754
ORD0097082,37.0,0.0101
ORD0097083,37.7,0.994
ORD0097084,19.4,0.0006
ORD0097085,16.5,0.0006
ORD0097086,16.7,0.0002
ORD0097087,17.3,0.9802
ORD0097088,19.9,0.0034
ORD0097089,24.1,0.6086
ORD0097090,19.9,0.9457
ORD0097091,25.8,0.0005
ORD0097092,22.6,0.0985
ORD0097093,28.6,0.9948
ORD0097094,68.1,0.0088
ORD0097095,75.1,0.0016
ORD0097096,15.7,0.0044
ORD0097097,18.1,0.0218
ORD0097098,14.0,0.0001
ORD0097099,30.4,0.0003
ORD0097100,16.3,0.0002
ORD0097101,13.5,0.0048
ORD0097102,18.4,0.5353
ORD0097103,15.5,0.032
ORD0097104,27.4,0.9616
ORD0097105,27.5,0.6867
ORD0097106,19.9,0.0008
ORD0097107,36.2,0.0001
ORD0097108,48.3,0.0011
ORD0097109,19.2,0.0013
ORD0097110,19.3,0.0015
ORD0097111,18.6,0.0003
ORD0097112,101.2,0.0001
ORD0097113,35.7,0.2063
ORD0097114,18.8,0.0008
ORD0097115,30.6,0.9392
ORD0097116,23.6,0.0033
ORD0097117,24.2,0.0004
ORD0097118,25.2,0.9856
ORD0097119,12.6,0.0127
ORD0097120,24.9,0.9972
ORD0097121,12.5,0.1135
ORD0097122,15.7,0.0022
ORD0097123,16.9,0.6564
ORD0097124,20.7,0.8967
ORD0097125,34.6,0.0051
ORD0097126,24.1,0.9827
ORD0097127,20.2,0.6597
ORD0097128,40.3,0.0575
ORD0097129,27.0,0.3019
ORD0097130,26.8,0.3896
ORD0097131,65.8,0.2718
ORD0097132,52.1,0.001
ORD0097133,35.5,0.2652
ORD0097134,18.7,0.7933
ORD0097135,21.0,0.2187
ORD0097136,22.9,0.1026
ORD0097137,21.5,0.9696
ORD0097138,18.0,0.7531
ORD0097139,54.6,0.0012
ORD0097140,15.1,0.0805
ORD0097141,16.2,0.0291
ORD0097142,21.2,0.0085
ORD0097143,19.9,0.0045
ORD0097144,22.3,0.0051
ORD0097145,18.5,0.0009
ORD0097146,20.1,0.9029
ORD0097147,14.6,0.4983
ORD0097148,25.1,0.0036
ORD0097149,55.9,0.0011
ORD0097150,12.5,0.001
ORD0097151,13.2,0.0052
ORD0097152,13.9,0.0162
ORD0097153,12.2,0.0272
ORD0097154,12.1,0.0012
ORD0097155,10.6,0.0002
ORD0097156,11.7,0.0001
ORD0097157,12.1,0.0001
ORD0097158,12.3,0.0072
ORD0097159,9.7,0.0007
ORD0097160,11.1,0.1035
ORD0097161,11.3,0.0003
ORD0097162,13.5,0.7697
ORD0097163,12.6,0.9797
ORD0097164,10.0,0.0009
ORD0097165,9.4,0.0004
ORD0097166,9.4,0.0001
ORD0097167,18.2,0.0093
ORD0097168,18.7,0.0014
ORD0097169,29.9,0.0028
ORD0097170,32.6,0.0003
ORD0097171,20.1,0.2294
ORD0097172,18.8,0.0045
ORD0097173,23.4,0.686
ORD0097174,21.1,0.0049
ORD0097175,20.8,0.0018
ORD0097176,27.1,0.0587
ORD0097177,23.1,0.6065
ORD0097178,20.1,0.0421
ORD0097179,17.0,0.0003
ORD0097180,22.9,0.9675
ORD0097181,19.0,0.0018
ORD0097182,19.5,0.0005
ORD0097183,18.5,0.393
ORD0097184,18.0,0.0059
ORD0097185,11.8,0.0608
ORD0097186,18.4,0.7098
ORD0097187,26.8,0.9599
ORD0097188,14.7,0.0123
ORD0097189,18.8,0.1318
ORD0097190,18.1,0.4141
ORD0097191,13.7,0.7413
ORD0097192,12.7,0.7739
ORD0097193,26.4,0.7647
ORD0097194,24.6,0.5244
ORD0097195,20.6,0.9688
ORD0097196,17.8,0.0011
ORD0097197,17.5,0.0009
ORD0097198,18.4,0.005
ORD0097199,18.9,0.0023
ORD0097200,51.9,0.0262
ORD0097201,42.6,0.0136
ORD0097202,26.6,0.3871
ORD0097203,22.6,0.0732
ORD0097204,11.4,0.047
ORD0097205,14.2,0.9229
ORD0097206,13.5,0.7838
ORD0097207,15.8,0.8509
ORD0097208,13.0,0.2836
ORD0097209,14.4,0.0021
ORD0097210,15.5,0.2763
ORD0097211,15.3,0.0081
ORD0097212,14.1,0.001
ORD0097213,30.5,0.025
ORD0097214,25.9,0.0185
ORD0097215,34.4,0.409
ORD0097216,33.7,0.1363
ORD0097217,14.5,0.0003
ORD0097218,11.2,0.0008
ORD0097219,13.3,0.0028
ORD0097220,15.4,0.0004
ORD0097221,13.8,0.0708
ORD0097222,16.9,0.0168
ORD0097223,15.4,0.2061
ORD0097224,14.3,0.7042
ORD0097225,20.8,0.0016
ORD0097226,16.1,0.0002
ORD0097227,18.4,0.6472
ORD0097228,25.1,0.9824
ORD0097229,12.9,0.0004
ORD0097230,14.9,0.0015
ORD0097231,12.2,0.0029
ORD0097232,21.0,0.0001
ORD0097233,21.6,0.0003
ORD0097234,12.2,0.0071
ORD0097235,10.3,0.0153
ORD0097236,16.0,0.0012
ORD0097237,13.3,0.0432
ORD0097238,20.8,0.0423
ORD0097239,17.7,0.0103
ORD0097240,26.5,0.0004
ORD0097241,26.1,0.0005
ORD0097242,47.4,0.0001
ORD0097243,15.6,0.0417
ORD0097244,15.4,0.0008
ORD0097245,20.6,0.0002
ORD0097246,21.5,0.0016
ORD0097247,82.3,0.0002
ORD0097248,78.2,0.001
ORD0097249,25.9,0.1173
ORD0097250,24.5,0.0086
ORD0097251,19.5,0.001
ORD0097252,14.8,0.0006
ORD0097253,33.6,0.858
ORD0097254,16.9,0.0029
ORD0097255,22.4,0.984
ORD0097256,12.6,0.134
ORD0097257,20.2,0.9954
ORD0097258,18.9,0.8287
ORD0097259,10.6,0.0681
ORD0097260,12.7,0.0034
ORD0097261,14.8,0.4357
ORD0097262,20.2,0.8682
ORD0097263,38.3,0.0023
ORD0097264,23.4,0.1758
ORD0097265,21.3,0.9615
ORD0097266,31.0,0.0266
ORD0097267,25.2,0.2715
ORD0097268,21.9,0.9014
ORD0097269,24.4,0.6909
ORD0097270,24.8,0.6896
ORD0097271,18.7,0.8806
ORD0097272,21.4,0.8843
ORD0097273,16.6,0.2755
ORD0097274,15.4,0.2779
ORD0097275,16.2,0.9751
ORD0097276,13.6,0.0867
ORD0097277,14.3,0.0022
ORD0097278,15.4,0.009
ORD0097279,19.4,0.0005
ORD0097280,13.9,0.0058
ORD0097281,11.8,0.0004
ORD0097282,10.1,0.0131
ORD0097283,12.6,0.334
ORD0097284,13.1,0.0781
ORD0097285,51.8,0.0061
ORD0097286,14.0,0.0072
ORD0097287,14.7,0.0204
ORD0097288,11.6,0.0285
ORD0097289,12.2,0.1305
ORD0097290,11.4,0.3157
ORD0097291,11.5,0.0024
ORD0097292,11.3,0.677
ORD0097293,11.4,0.0002
ORD0097294,11.5,0.0009
ORD0097295,11.3,0.0176
ORD0097296,14.0,0.9657
ORD0097297,10.0,0.0004
ORD0097298,10.7,0.0085
ORD0097299,10.5,0.1662
ORD0097300,13.5,0.8105
ORD0097301,12.6,0.9953
ORD0097302,11.9,0.9755
ORD0097303,10.8,0.0017
ORD0097304,11.3,0.1435
ORD0097305,14.8,0.0009
ORD0097306,21.0,0.0005
ORD0097307,14.1,0.0057
ORD0097308,12.5,0.0001
ORD0097309,15.2,0.0162
ORD0097310,13.0,0.0003
ORD0097311,21.1,0.0095
ORD0097312,21.6,0.0118
ORD0097313,19.9,0.0888
ORD0097314,22.8,0.2631
ORD0097315,20.4,0.8085
ORD0097316,21.5,0.8834
ORD0097317,13.7,0.0006
ORD0097318,12.5,0.0006
ORD0097319,20.8,0.9894
ORD0097320,23.5,0.9914
ORD0097321,15.7,0.0023
ORD0097322,16.8,0.0026
ORD0097323,31.2,0.0004
ORD0097324,21.2,0.9594
ORD0097325,19.0,0.9024
ORD0097326,14.3,0.3954
ORD0097327,9.5,0.3672
ORD0097328,17.8,0.9826
ORD0097329,16.8,0.9803
ORD0097330,27.5,0.9987
ORD0097331,18.7,0.7845
ORD0097332,15.0,0.6436
ORD0097333,31.3,0.0853
ORD0097334,15.0,0.9549
ORD0097335,17.1,0.9889
ORD0097336,14.9,0.9801
ORD0097337,25.9,0.966
ORD0097338,21.9,0.9658
ORD0097339,22.5,0.9851
ORD0097340,17.9,0.0658
ORD0097341,20.6,0.6436
ORD0097342,24.1,0.0006
ORD0097343,58.6,0.9859
ORD0097344,33.7,0.0045
ORD0097345,26.5,0.9977
